entry_rule,sl,tp,hold_d,train_n,train_mean,train_median,train_win,train_pf,train_worst,test_n,test_mean,test_median,test_win,test_pf,test_worst
delay 12h,0.45,0.5,7,241,0.07678872236532927,0.1288235937543684,0.6390041493775933,1.3403284875395813,-1.0,161,0.01054258349837169,0.030580667899904247,0.5341614906832298,1.0903255885593155,-0.9257081601339957
drop 15% (after 1h),0.45,0.5,7,217,0.0705451569958795,0.19494378348420452,0.5944700460829493,1.2497939530759599,-1.0,69,0.033924446225300636,0.04175527953338383,0.6231884057971014,1.2205907471252084,-0.939813817030585
drop 10% (after 1h),0.45,0.5,7,227,0.06318119970057033,0.19494378348420452,0.5814977973568282,1.2236994033771946,-1.0,104,0.0010097033155272003,0.04378165708808097,0.5769230769230769,1.0062284478193522,-0.9376023532642683
drop 20% (after 1h),0.15,0.5,7,211,0.062242042989842955,-0.3037018363518758,0.3696682464454976,1.324978902816604,-0.45716105585862477,49,0.0018707865267935542,-0.10429353053221302,0.42857142857142855,1.0124596645837716,-0.3383132170305853
delay 12h,,0.5,7,241,0.059936076493371425,0.1288235937543684,0.6390041493775933,1.2471755519167793,-1.0,161,0.010568271405210406,0.030580667899904247,0.5341614906832298,1.0905656068096174,-1.0
drop 30% (after 1h),0.3,0.3,7,188,0.059610011860632445,0.21419374699405314,0.5904255319148937,1.2636337618305182,-0.781623388907563,24,-0.01773881127287536,0.031300936243184106,0.5416666666666666,0.9248160675803906,-0.6360648776383081
drop 30% (after 1h),0.3,0.5,7,188,0.05826692575464565,0.08200659822545021,0.5319148936170213,1.2246977590107941,-0.781623388907563,24,-0.04816374349643902,0.031300936243184106,0.5416666666666666,0.7958634555378123,-0.6360648776383081
drop 15% (after 1h),0.45,0.3,7,217,0.05717862365350774,0.3300606895211969,0.6359447004608295,1.2280289772527901,-0.962001204358118,69,0.021442820029336725,0.04175527953338383,0.6231884057971014,1.1394300634807446,-0.939813817030585
drop 20% (after 1h),0.2,0.5,7,211,0.05681517796354307,-0.3958318353172952,0.44549763033175355,1.258387787038294,-0.5598472659296967,49,-0.01027879210735972,-0.03758207165287644,0.4489795918367347,0.9400107612288544,-0.4385633170305853
drop 20% (after 1h),0.45,0.5,7,211,0.05559585376713089,0.18628416383710084,0.5924170616113744,1.1927693628721354,-1.0,49,-0.05730699287127204,0.03299572317276064,0.5102040816326531,0.7652826437960585,-0.939813817030585
drop 15% (after 1h),,0.5,7,217,0.05542596862097848,0.21447664949571826,0.5990783410138248,1.1851486081607763,-1.0,69,0.026686653186651803,0.04175527953338383,0.6231884057971014,1.1657279562046174,-1.0
delay 12h,0.45,0.3,7,241,0.054335324142189466,0.15964796891699112,0.6514522821576764,1.2491561335921368,-1.0,161,0.0019117680745750986,0.030580667899904247,0.5341614906832298,1.0163794364589642,-0.9257081601339957
drop 30% (after 1h),0.3,0.3,3,188,0.05380160158551084,0.15503829664466817,0.5957446808510638,1.2757053727605916,-0.7779488886106537,24,-0.04905536242958589,0.01320870137871246,0.5,0.7961772693587879,-0.6360648776383081
drop 20% (after 1h),0.3,0.5,7,211,0.053657264700663426,0.06946268611182413,0.5260663507109005,1.2035761939580991,-0.7649693332404918,49,-0.03002125984364801,-0.003969042524607336,0.4897959183673469,0.8536932038165713,-0.6390635170305858
delay 12h,0.45,,7,241,0.05315731613063836,0.10900767541256332,0.6265560165975104,1.2262749116233713,-1.0,161,0.007314731067573117,0.030580667899904247,0.5341614906832298,1.062670349154332,-0.9257081601339957
delay 12h,0.3,0.5,7,241,0.051330855707152866,0.06390890645197894,0.5767634854771784,1.2365940663924546,-0.7671373592123355,161,0.008562640618522604,0.026738137426716622,0.5217391304347826,1.0739197598059365,-0.6424700803143646
drop 30% (after 4h),0.3,0.3,7,188,0.04926489932026431,0.18942894107313407,0.574468085106383,1.214047413729811,-0.781623388907563,24,-0.017739711574319066,0.031300936243184106,0.5416666666666666,0.9248125386574093,-0.6360648776383081
drop 30% (after 1h),0.45,0.3,1,188,0.04897392658451091,0.13659102540077753,0.6117021276595744,1.3199939019899294,-0.9307647315626276,24,-0.07894771290021071,-0.08156599241581233,0.375,0.5730735623772194,-0.936815177638308
drop 30% (after 4h),0.45,0.3,1,188,0.04886364288917017,0.11708198369895895,0.601063829787234,1.3351440881533614,-0.9307647315626276,24,-0.07851174975069691,-0.08156599241581233,0.375,0.574427812042027,-0.936815177638308
delay 12h,0.45,0.2,7,241,0.048853088659529254,0.37688595106185085,0.7136929460580913,1.2634201573461317,-1.0,161,-0.004144048611232228,0.03276121600764669,0.5403726708074534,0.9642028879495572,-0.9257081601339957
delay 8h,0.3,0.5,7,241,0.04813467921141948,0.05716984073654386,0.5560165975103735,1.2099809137496131,-0.7716004288368735,161,-0.005431983903089604,0.004704735710843305,0.5093167701863354,0.9553368623521059,-0.6444032328133112
drop 15% (after 1h),0.45,,7,217,0.04772096175434996,0.18628416383710084,0.5852534562211982,1.1639462381817547,-1.0,69,0.03456001413165429,0.04175527953338383,0.6231884057971014,1.2247234718977884,-0.939813817030585
delay 8h,0.3,0.3,7,241,0.046806595672300264,0.08540451776419583,0.5850622406639004,1.2209999833498018,-0.7716004288368735,161,-0.010769299187420958,0.004704735710843305,0.5093167701863354,0.9114521138942332,-0.6444032328133112
drop 10% (after 4h),0.1,0.3,7,227,0.04620466979320204,-0.2056712633229061,0.3568281938325991,1.351830747358935,-0.40023981306166,104,0.012005362139031474,-0.06616226901000591,0.4423076923076923,1.1219874119172617,-0.23521893246794912
delay 8h,,0.3,7,241,0.04574279952600078,0.20252222688931915,0.6514522821576764,1.190493960200183,-1.0,161,-0.013148477679889225,0.005124612272174849,0.5217391304347826,0.8970944176780273,-1.0
drop 20% (after 4h),0.2,0.5,7,211,0.04557318216349632,-0.38245966255782265,0.4549763033175355,1.2126803730891158,-0.5598472659296967,49,0.010433864077552424,-0.030826094212769935,0.46938775510204084,1.0640021075377937,-0.4382137930938384
drop 10% (after 4h),0.1,0.5,7,227,0.045311757093626455,-0.20570249762458837,0.31718061674008813,1.3238093393803971,-0.40023981306166,104,0.019705088615046246,-0.06616226901000591,0.4423076923076923,1.2002249273209942,-0.23521893246794912
drop 15% (after 1h),0.15,0.5,7,217,0.04530672307842025,-0.30419490211566735,0.3640552995391705,1.2321567253622416,-0.4524707561850442,69,0.05238672409473764,0.019407219242851388,0.5652173913043478,1.493483446110925,-0.3383132170305853
drop 10% (after 4h),0.3,0.3,7,227,0.045257415234726366,0.18306124981293226,0.5682819383259912,1.1982013047163589,-0.7816917435956793,104,-0.0009836821596879957,0.045827736374682855,0.5673076923076923,0.9935289726321542,-0.6362193324679486
delay 24h,0.1,0.5,7,241,0.045059048402221094,-0.2044666385026738,0.35684647302904565,1.3402832169604928,-0.37877826658820757,161,0.007397433446111042,-0.0193283126562464,0.45962732919254656,1.0873868476657071,-0.2304127879620578
drop 15% (after 1h),,0.3,7,217,0.044897774837230384,0.3357657505619149,0.6405529953917051,1.1695156339625596,-1.0,69,0.01420502699068789,0.04175527953338383,0.6231884057971014,1.0882152615591245,-1.0
delay 12h,0.45,0.1,7,241,0.04459816205689571,0.19809999999999992,0.8174273858921162,1.410529028357934,-0.9444615058483754,161,0.02799371641801639,0.1036515293684855,0.6273291925465838,1.3728711406559095,-0.9178976711390773
drop 30% (after 1h),0.3,0.3,1,188,0.04457669748884972,0.11162112585783612,0.574468085106383,1.2944632719204097,-0.722997045416352,24,-0.08335590717493561,-0.08156599241581233,0.375,0.5597305696554702,-0.6360648776383081
drop 10% (after 1h),0.45,0.3,7,227,0.04451268129958771,0.3052808033789843,0.6255506607929515,1.1733872605624642,-0.9757494328674431,104,-0.016397733218705916,0.04378165708808097,0.5769230769230769,0.8988490736459164,-0.9376023532642683
delay 4h,0.2,0.3,7,241,0.044419352229491026,0.0033252682925647464,0.5020746887966805,1.2417359750584935,-0.5877151130642956,161,-0.009201580985328459,-0.011484663516068184,0.4658385093167702,0.9180055616620277,-0.4362284812395515
drop 10% (after 1h),,0.5,7,227,0.04415216556509614,0.19494378348420452,0.5859030837004405,1.1463250906336457,-1.0,104,0.006837163141280241,0.04378165708808097,0.5769230769230769,1.0437482998809449,-1.0
delay 8h,0.2,0.3,7,241,0.04385647522324735,0.018002847033405305,0.5103734439834025,1.2412493227387855,-0.5876984156896357,161,-0.01789745078071953,-0.008158849777116594,0.4782608695652174,0.8426352202340783,-0.4480923233333333
drop 20% (after 1h),0.45,0.3,7,211,0.04356852960334694,0.302424885464025,0.6303317535545023,1.167431604714626,-0.9924818591100215,49,-0.06865827210081751,0.03299572317276064,0.5102040816326531,0.7187901981659676,-0.939813817030585
delay 8h,0.45,0.3,7,241,0.043514309728285634,0.1786086771398638,0.6431535269709544,1.1828508030173026,-1.0,161,-0.008525022435621001,0.005124612272174849,0.5217391304347826,0.9307746167782874,-0.9361220128146969
drop 30% (after 4h),0.3,0.3,1,188,0.04328191271893785,0.07719125287514245,0.574468085106383,1.2971057945752158,-0.722997045416352,24,-0.08335680747637932,-0.08156599241581233,0.375,0.5597279080293046,-0.6360648776383081
delay 8h,0.2,0.5,7,241,0.04255212387530032,-0.0351427522694501,0.47717842323651455,1.2183060418038683,-0.5876984156896357,161,-0.013163033098756834,-0.008158849777116594,0.4782608695652174,0.8842629696253239,-0.4480923233333333
drop 10% (after 4h),,0.2,7,227,0.0419491753926832,0.3884180172801364,0.7004405286343612,1.1992572669092867,-1.0,104,0.001857965503868899,0.05028179030074392,0.5865384615384616,1.012912228993343,-1.0
drop 20% (after 1h),0.15,,7,211,0.04194915646630159,-0.3043067626180249,0.35545023696682465,1.2137520223643445,-0.45716105585862477,49,0.001852926827700611,-0.10429353053221302,0.42857142857142855,1.012340716827265,-0.3383132170305853
drop 10% (after 4h),0.2,0.3,7,227,0.04173646796697251,-0.026450356740518405,0.4889867841409692,1.2146101190738665,-0.5473205654012343,104,-0.0032055149480452955,0.019945377548390424,0.5192307692307693,0.9771344074294459,-0.4357191324679484
drop 30% (after 4h),0.3,0.3,3,188,0.04172022656214152,0.15503829664466817,0.5851063829787234,1.2111887748250874,-0.7779488886106537,24,-0.0490562627310296,0.01320870137871246,0.5,0.7961742911014305,-0.6360648776383081
drop 10% (after 4h),,0.3,7,227,0.04169204719162919,0.27695241734334547,0.6431718061674009,1.1611637531975945,-1.0,104,0.01110443843282831,0.04787866750309215,0.5769230769230769,1.0761677336340474,-1.0
drop 10% (after 4h),0.2,0.5,7,227,0.041633770813952385,-0.359419509900822,0.44933920704845814,1.1974814822218816,-0.5473205654012343,104,0.009938861933654473,0.019945377548390424,0.5192307692307693,1.0708959313162816,-0.4357191324679484
delay 0.5h,0.2,0.5,7,241,0.04158152365768321,-0.3691416767398867,0.42323651452282157,1.194450034803792,-0.49938462161877106,161,0.010268382473598917,-0.0024068713150607324,0.484472049689441,1.097704662906947,-0.4210858029200069
delay 12h,0.45,0.5,1,241,0.04144051169989711,0.07915214139937227,0.6431535269709544,1.2879275820985878,-0.9429488287391418,161,-0.008823106561788344,0.0029285862985756095,0.5031055900621118,0.8409693109892081,-0.9257081601339957
delay 24h,0.1,0.3,7,241,0.04112361651935975,-0.20328842465649727,0.3900414937759336,1.328341886818358,-0.37877826658820757,161,0.010039993809391693,-0.0193283126562464,0.45962732919254656,1.1186037584491144,-0.2304127879620578
delay 4h,0.2,0.5,7,241,0.041085951395522034,-0.1044533947576359,0.46473029045643155,1.2064768065804163,-0.5877151130642956,161,-0.00216361513512139,-0.011484663516068184,0.4658385093167702,0.9807202253540257,-0.4362284812395515
drop 30% (after 4h),,0.3,1,188,0.04094936424728554,0.11708198369895895,0.601063829787234,1.266401110373481,-1.0,24,-0.0852561914288501,-0.08156599241581233,0.375,0.5541684222497952,-1.0
drop 30% (after 1h),0.2,0.3,7,188,0.04080140195196074,-0.08947150733930685,0.48936170212765956,1.203480914181527,-0.5768283474288853,24,-0.09667762968542569,-0.4019345283644092,0.375,0.6015473099519357,-0.43556467763830775
drop 30% (after 4h),0.1,0.3,7,188,0.040732642094237916,-0.20598880887078905,0.3404255319148936,1.2915512686586232,-0.404477258839389,24,-0.08333019179208226,-0.20586563666335594,0.25,0.4581865044360143,-0.216290537926546
drop 10% (after 4h),0.15,0.5,7,227,0.04070256886302231,-0.30254873108154196,0.3876651982378855,1.21996497359294,-0.5479148693857494,104,0.016152139233508684,0.0005043485607253793,0.5,1.1347936680466821,-0.3354690324679483
drop 10% (after 4h),0.3,0.2,7,227,0.04060927980334299,0.3788730981097876,0.6387665198237885,1.2166521134769197,-0.7816917435956793,104,-0.008299897642298007,0.04787866750309215,0.5769230769230769,0.9447100860948686,-0.6362193324679486
delay 12h,0.3,0.5,1,241,0.040519300590926226,0.07165222247265511,0.6224066390041494,1.2972552919525562,-0.6832190851710421,161,-0.011321415174966137,-0.0008466858789623556,0.4968944099378882,0.8025926879459709,-0.6249578601339963
drop 30% (after 4h),0.3,0.1,7,188,0.04043435187679081,0.19809999999999983,0.8031914893617021,1.3551175313199268,-0.722997045416352,24,-0.11332354943887729,0.06025664575886017,0.5833333333333334,0.4621581018557232,-0.6360648776383081
delay 24h,0.1,,7,241,0.04032514301200148,-0.2044666385026738,0.35269709543568467,1.3027872061548242,-0.37877826658820757,161,0.007397433446111042,-0.0193283126562464,0.45962732919254656,1.0873868476657071,-0.2304127879620578
drop 10% (after 4h),0.3,0.3,1,227,0.040272913779801106,0.10779195130801698,0.5991189427312775,1.2681709313248257,-0.7816917435956793,104,-0.015263903189244228,-0.004779470329754069,0.47115384615384615,0.7880239792889694,-0.6362193324679486
delay 12h,0.15,0.5,1,241,0.040107837668448984,0.017936430536487854,0.5352697095435685,1.340244087988353,-0.347546917438345,161,-0.013079406584647745,-0.0011093370418005376,0.4906832298136646,0.7704733912995311,-0.3242075601339959
drop 20% (after 1h),,0.5,7,211,0.0400426437125252,0.18849682843734897,0.5971563981042654,1.1312570320238522,-1.0,49,-0.0583401315296696,0.03299572317276064,0.5102040816326531,0.7620579816944947,-1.0
drop 10% (after 4h),0.3,0.2,1,227,0.03996103594335708,0.13563987313309886,0.6299559471365639,1.2901165092070666,-0.7816917435956793,104,-0.0133436130216697,-0.004779470329754069,0.47115384615384615,0.8146918284810293,-0.6362193324679486
drop 30% (after 4h),0.3,0.5,7,188,0.03958487173004388,0.05040565071639419,0.5212765957446809,1.1523727071459335,-0.781623388907563,24,-0.04816464379788272,0.031300936243184106,0.5416666666666666,0.7958604186735788,-0.6360648776383081
drop 30% (after 1h),,0.3,1,188,0.039474095529446585,0.13659102540077753,0.6117021276595744,1.2428483654786124,-1.0,24,-0.0856921545783639,-0.08156599241581233,0.375,0.5529079088074335,-1.0
drop 20% (after 1h),0.2,0.3,1,211,0.03937898261154002,0.058947137966321436,0.5450236966824644,1.26080659235148,-0.43451681638065537,49,-0.0201961126699707,0.010369134229707977,0.5102040816326531,0.81733375755095,-0.4385633170305853
delay 4h,0.2,0.3,3,241,0.03932460998195237,0.03921194260486434,0.5228215767634855,1.2352373718535707,-0.5877151130642956,161,0.005975344338374967,0.016912627204081807,0.5527950310559007,1.077578305943048,-0.4362284812395515
delay 12h,0.45,,1,241,0.03924286613773275,0.07915214139937227,0.6431535269709544,1.2726583987061142,-0.9429488287391418,161,-0.008823106561788344,0.0029285862985756095,0.5031055900621118,0.8409693109892081,-0.9257081601339957
drop 10% (after 4h),0.45,0.2,1,227,0.03923340395346744,0.15717498435161448,0.6651982378854625,1.2651686655945602,-0.9466928432324838,104,-0.0016933149069385807,-0.003838895778015456,0.4807692307692308,0.9736618078134811,-0.9369696324679483
delay 4h,0.15,0.5,7,241,0.03919845349904327,-0.29937204501486586,0.4066390041493776,1.226714070117266,-0.48746501306429524,161,0.0020632748156368705,-0.02085069323978262,0.4409937888198758,1.0205405987763936,-0.3359783812395514
delay 0.5h,0.1,0.5,7,241,0.03916153854888387,-0.20640054427633495,0.2946058091286307,1.2795940955721647,-0.2988844216187717,161,0.0008894858111663768,-0.04865838379715613,0.38509316770186336,1.009568605448411,-0.2315090061538463
drop 15% (after 4h),0.15,0.5,7,217,0.03908237946677499,-0.30381091738045707,0.3778801843317972,1.203434659436393,-0.5479148693857494,69,0.050162343039198025,0.019407219242851388,0.5652173913043478,1.4730607021423503,-0.3354690324679483
drop 10% (after 4h),0.1,,7,227,0.039080832678810226,-0.20572532994504117,0.31277533039647576,1.2767787320503459,-0.40023981306166,104,0.020308559572815868,-0.06616226901000591,0.4423076923076923,1.2063568423313886,-0.23521893246794912
drop 10% (after 4h),0.3,0.5,7,227,0.039076349019050986,0.054475522966526115,0.5242290748898678,1.1548145524996773,-0.7816917435956793,104,0.010097987767634986,0.045827736374682855,0.5673076923076923,1.0664283219543842,-0.6362193324679486
delay 0.5h,0.15,0.5,7,241,0.038421440544565755,-0.30401823310335147,0.35684647302904565,1.2096688082567046,-0.3991345216187712,161,0.01847978597295563,-0.009202477595094575,0.4658385093167702,1.1969696834389647,-0.33307618147315027
delay 12h,,0.3,7,241,0.038415468627289534,0.15964796891699112,0.6514522821576764,1.1641705882602376,-1.0,161,0.0019374559814138153,0.030580667899904247,0.5341614906832298,1.0166031766119439,-1.0
delay 12h,0.1,0.5,1,241,0.038386544686657365,-0.05158183008982015,0.46887966804979253,1.3833159013828644,-0.21988246613901327,161,-0.013024311316886097,-0.002647411607188787,0.4658385093167702,0.7529567223876342,-0.2239574601339962
delay 12h,0.3,,1,241,0.03832165502876186,0.07165222247265511,0.6224066390041494,1.2811330548047686,-0.6832190851710421,161,-0.011321415174966137,-0.0008466858789623556,0.4968944099378882,0.8025926879459709,-0.6249578601339963
delay 8h,0.15,0.5,7,241,0.03821850930264901,-0.2961482020475987,0.4190871369294606,1.2274549881317631,-0.4816526095906168,161,-0.00862204167132428,-0.022421732355114708,0.453416149068323,0.9169981005217627,-0.3346214128146971
drop 30% (after 1h),0.2,0.5,7,188,0.038161171443701146,-0.3994000398686621,0.425531914893617,1.1680424534383462,-0.5768283474288853,24,-0.13077967342803498,-0.4019345283644092,0.375,0.4609972043112318,-0.43556467763830775
drop 30% (after 1h),0.3,0.2,7,188,0.03806008290829692,0.37170363959342856,0.648936170212766,1.1923779557665468,-0.7779488886106537,24,-0.06910968069305694,0.031300936243184106,0.5416666666666666,0.7070864849488109,-0.6360648776383081
delay 12h,0.15,,1,241,0.037910192106284615,0.017936430536487854,0.5352697095435685,1.321600951048351,-0.347546917438345,161,-0.013079406584647745,-0.0011093370418005376,0.4906832298136646,0.7704733912995311,-0.3242075601339959
drop 30% (after 1h),0.3,,7,188,0.037747627136990224,0.06376414400134597,0.5212765957446809,1.1419468442839273,-0.781623388907563,24,-0.04816374349643902,0.031300936243184106,0.5416666666666666,0.7958634555378123,-0.6360648776383081
drop 30% (after 1h),0.3,0.2,3,188,0.03770818440258397,0.2789215534368834,0.6329787234042553,1.2136575519935264,-0.7779488886106537,24,-0.09176907871695734,0.01320870137871246,0.5,0.6187037810725133,-0.6360648776383081
drop 10% (after 4h),0.45,0.2,7,227,0.03768659316506206,0.38827125489464764,0.6916299559471366,1.1784436243752794,-0.9620628364319158,104,0.0004361559573857652,0.05028179030074392,0.5865384615384616,1.0030014778339325,-0.9369696324679483
delay 24h,,0.3,1,241,0.03756189942890261,0.05702878373758094,0.6224066390041494,1.333643875236799,-1.0,161,0.003819274804445292,-0.000393132086543358,0.4906832298136646,1.082992417691083,-1.0
delay 12h,0.2,0.5,1,241,0.037470979115944214,0.04655573136964053,0.5809128630705395,1.293586772353324,-0.44779701743834494,161,-0.012464255515297291,-0.0008466858789623556,0.4968944099378882,0.7869116765807653,-0.42445766013399605
drop 20% (after 1h),0.3,0.3,1,211,0.0373630442028457,0.11578099626234485,0.5876777251184834,1.2215691511305138,-0.6295736827376427,49,-0.02380653931188502,0.04569138317376254,0.5306122448979592,0.8058057361979963,-0.6390635170305858
delay 24h,0.45,0.3,1,241,0.036928042786937385,0.05702878373758094,0.6224066390041494,1.3261771837268375,-0.9609742522769014,161,0.004392391766735103,-0.000393132086543358,0.4906832298136646,1.0966498403738447,-0.9077281690713404
delay 1h,0.3,0.5,7,241,0.03681596748537197,0.019720445928541067,0.5103734439834025,1.1451396948104309,-0.7078910161581436,161,0.008908131960427269,0.024655569783451577,0.5279503105590062,1.0767154306873041,-0.644657891628319
delay 24h,0.1,0.3,1,241,0.036789630212040396,0.004081348138043924,0.5145228215767634,1.434547728344657,-0.2483426294636195,161,0.008464755135623331,-0.0020415401595837244,0.4782608695652174,1.2062249101102833,-0.22345380421508904
delay 24h,,0.5,1,241,0.036702149227308564,0.05702878373758094,0.6224066390041494,1.3260071371229978,-1.0,161,0.0029608213684258673,-0.000393132086543358,0.4906832298136646,1.0643383197854948,-1.0
delay 24h,,,1,241,0.036702149227308564,0.05702878373758094,0.6224066390041494,1.3260071371229978,-1.0,161,0.0029608213684258673,-0.000393132086543358,0.4906832298136646,1.0643383197854948,-1.0
drop 30% (after 4h),0.3,0.1,3,188,0.03667738380659871,0.1980999999999998,0.7659574468085106,1.337633692343465,-0.722997045416352,24,-0.11593118668266106,0.07729481650171736,0.5833333333333334,0.4614468337220746,-0.6360648776383081
drop 10% (after 4h),0.45,0.3,1,227,0.03656510910331681,0.13180094759983457,0.6343612334801763,1.2245253251630088,-0.9466928432324838,104,-0.0048853342000883876,-0.003838895778015456,0.4807692307692308,0.9240124382475725,-0.9369696324679483
drop 30% (after 4h),0.2,0.3,7,188,0.03644619877763502,-0.11856031185894922,0.48404255319148937,1.1794721986250742,-0.5768283474288853,24,-0.09667757264987557,-0.4019345283644092,0.375,0.6015474513574335,-0.43556467763830775
delay 24h,0.1,0.2,1,241,0.036287537293819526,0.007706344529516913,0.5186721991701245,1.4329484730518398,-0.2483426294636195,161,0.00623855623482564,-0.0020415401595837244,0.4782608695652174,1.1519885310480544,-0.22345380421508904
delay 12h,0.1,,1,241,0.036188899124492996,-0.05158183008982015,0.46887966804979253,1.361370907467486,-0.21988246613901327,161,-0.013024311316886097,-0.002647411607188787,0.4658385093167702,0.7529567223876342,-0.2239574601339962
delay 24h,0.45,0.5,1,241,0.03606829258534334,0.05702878373758094,0.6224066390041494,1.318583201530637,-0.9609742522769014,161,0.0035339383307156787,-0.000393132086543358,0.4906832298136646,1.0777604989931402,-0.9077281690713404
delay 24h,0.45,,1,241,0.03606829258534334,0.05702878373758094,0.6224066390041494,1.318583201530637,-0.9609742522769014,161,0.0035339383307156787,-0.000393132086543358,0.4906832298136646,1.0777604989931402,-0.9077281690713404
delay 4h,0.1,0.5,7,241,0.03606679048626983,-0.2053379576044729,0.3236514522821577,1.2643167623864866,-0.4166787301088326,161,-0.016438299558382247,-0.06109463602954203,0.36645962732919257,0.8283839899224263,-0.23148292116828945
delay 0.5h,0.1,,7,241,0.0360430899213648,-0.20640054427633495,0.29045643153526973,1.2558809375737605,-0.2988844216187717,161,0.002052040008220241,-0.04865838379715613,0.38509316770186336,1.022074732341448,-0.2315090061538463
delay 4h,0.2,0.3,1,241,0.03595002013285571,0.05598563215023459,0.5892116182572614,1.2765882485638682,-0.5877151130642956,161,-0.004460160348122838,0.007048449612403007,0.5217391304347826,0.9170353776776036,-0.4362284812395515
drop 30% (after 1h),0.3,0.2,1,188,0.03588394967151103,0.1445533964387128,0.5957446808510638,1.2592643791213862,-0.722997045416352,24,-0.07497972516763896,-0.08156599241581233,0.375,0.6039719078617141,-0.6360648776383081
delay 12h,,,7,241,0.03584393115992787,0.10900767541256332,0.6265560165975104,1.1421041866726938,-1.0,161,0.007340418974411834,0.030580667899904247,0.5341614906832298,1.0629042795330446,-1.0
drop 30% (after 1h),0.1,0.3,7,188,0.03577391799486429,-0.20628462543072118,0.3351063829787234,1.2555470236840818,-0.3740901485755085,24,-0.08333024882763239,-0.20586563666335594,0.25,0.4581863345196512,-0.216290537926546
drop 30% (after 4h),0.3,0.2,7,188,0.035690688993878256,0.3745889543779334,0.6436170212765957,1.1799590813161682,-0.7779488886106537,24,-0.06911058099450064,0.031300936243184106,0.5416666666666666,0.7070837868406854,-0.6360648776383081
delay 12h,0.3,0.2,7,241,0.03563468262270699,0.33371050035125405,0.6556016597510373,1.1997809993692614,-0.6832190851710421,161,-0.006331938977381308,0.027988804919549568,0.5279503105590062,0.9448841992555579,-0.6424700803143646
delay 12h,,0.5,1,241,0.03556535029936719,0.07915214139937227,0.6431535269709544,1.2374156962170038,-1.0,161,-0.006512395439276905,0.0029285862985756095,0.5031055900621118,0.8775170604876481,-1.0
delay 24h,0.2,0.3,7,241,0.035539300480211054,0.02502341349923446,0.5186721991701245,1.1942262685153222,-0.5792784665882074,161,0.005861617075500585,0.005713682307319176,0.515527950310559,1.05489246586948,-0.44056246580542596
drop 20% (after 1h),0.2,,7,211,0.035504873216937474,-0.3972623102281245,0.4312796208530806,1.1569985488728427,-0.5598472659296967,49,-0.010296651806452664,-0.03758207165287644,0.4489795918367347,0.9399065281884275,-0.4385633170305853
drop 30% (after 4h),0.3,0.2,1,188,0.03537747348304019,0.11708198369895895,0.5957446808510638,1.266440800716168,-0.722997045416352,24,-0.07498062546908266,-0.08156599241581233,0.375,0.6039690358595038,-0.6360648776383081
delay 24h,0.1,0.3,3,241,0.03532623651841482,-0.19510026293483343,0.4149377593360996,1.3167361477691137,-0.37877826658820757,161,0.010787741012294513,0.008681494661921797,0.515527950310559,1.177191268787198,-0.22345380421508904
delay 12h,0.2,,1,241,0.035273333553779845,0.04655573136964053,0.5809128630705395,1.2763681225450008,-0.44779701743834494,161,-0.012464255515297291,-0.0008466858789623556,0.4968944099378882,0.7869116765807653,-0.42445766013399605
delay 12h,0.3,0.3,7,241,0.03467182666932057,0.07340949845115466,0.5892116182572614,1.1654512019956977,-0.7671373592123355,161,-6.817480527398722e-05,0.026738137426716622,0.5217391304347826,0.9994114589815005,-0.6424700803143646
drop 20% (after 1h),0.2,0.3,7,211,0.0346686930392509,-0.09081997606609822,0.4881516587677725,1.1714643323189873,-0.5598472659296967,49,-0.024197626271692523,-0.03758207165287644,0.4489795918367347,0.8587774550797513,-0.4385633170305853
delay 12h,,0.1,7,241,0.034633503565479486,0.19809999999999992,0.8174273858921162,1.2920182182794495,-1.0,161,0.030231355673669625,0.1036515293684855,0.6273291925465838,1.4150465205022797,-1.0
delay 24h,0.3,0.3,1,241,0.034621251821843176,0.05653010588413406,0.6141078838174274,1.3014474022373532,-0.6472351700587243,161,0.003469642808774087,-0.000393132086543358,0.4906832298136646,1.0748264618372734,-0.6609046991412706
delay 8h,0.45,0.5,7,241,0.0340713463276781,0.09591694475106405,0.6099585062240664,1.1290246737204956,-1.0,161,-0.004351004276159663,0.005124612272174849,0.5217391304347826,0.9646687219076484,-0.9361220128146969
drop 15% (after 1h),0.2,0.5,7,217,0.033986789786001184,-0.40021963734131605,0.41013824884792627,1.1464121145117854,-0.5570774452163678,69,0.030848562004782254,0.027254668204518405,0.5797101449275363,1.240834750533355,-0.4385633170305853
drop 30% (after 4h),0.1,0.5,7,188,0.033965019216705514,-0.20624214240577426,0.2872340425531915,1.2244981745511823,-0.404477258839389,24,-0.10803321823285796,-0.20586563666335594,0.25,0.29756725204929424,-0.216290537926546
drop 15% (after 1h),0.45,0.3,1,217,0.03392890323528343,0.1257325251517958,0.6267281105990783,1.1913076279364208,-0.9433180325565308,69,-0.028703924075015957,-0.023471690978655105,0.391304347826087,0.7048875345876461,-0.939813817030585
drop 10% (after 4h),0.15,0.3,7,227,0.03388432885418011,-0.2993403360298116,0.42290748898678415,1.1948945055662432,-0.5479148693857494,104,0.005618595683978547,0.0005043485607253793,0.5,1.0468885954093035,-0.3354690324679483
delay 24h,0.1,0.1,1,241,0.03385332496820736,0.13387470828269488,0.5975103734439834,1.4956479982119406,-0.21713299340427944,161,0.0001279202847355778,-0.000393132086543358,0.4906832298136646,1.003148476924245,-0.22345380421508904
delay 24h,0.3,0.5,1,241,0.03376150162024913,0.05653010588413406,0.6141078838174274,1.293961553193615,-0.6472351700587243,161,0.0026111893727546625,-0.000393132086543358,0.4906832298136646,1.0563130191546592,-0.6609046991412706
delay 24h,0.3,,1,241,0.03376150162024913,0.05653010588413406,0.6141078838174274,1.293961553193615,-0.6472351700587243,161,0.0026111893727546625,-0.000393132086543358,0.4906832298136646,1.0563130191546592,-0.6609046991412706
drop 10% (after 4h),,0.2,1,227,0.03374934618335899,0.15717498435161448,0.6696035242290749,1.2192228583599722,-1.0,104,-0.0031942160958824584,-0.003838895778015456,0.4807692307692308,0.9514498802702904,-1.0
delay 12h,0.45,0.3,3,241,0.033660664478770384,0.11707212201801431,0.6141078838174274,1.1797573021404264,-0.944483796602769,161,0.004653950903219509,0.01653060326065421,0.5714285714285714,1.0609069897389218,-0.9257081601339957
delay 4h,,0.2,7,241,0.03360363110342466,0.3841153957862407,0.7012448132780082,1.162838282346409,-1.0,161,0.0019964615491912547,0.01520240386106428,0.5279503105590062,1.0174491838926139,-1.0
drop 10% (after 4h),0.45,0.3,7,227,0.033570009112075874,0.2721389572391504,0.6299559471365639,1.1286426850897495,-1.0,104,0.009682628886345176,0.04787866750309215,0.5769230769230769,1.0657737772707694,-0.9369696324679483
delay 24h,,0.2,1,241,0.03356930902632104,0.057863625592416985,0.6307053941908713,1.2991903754665055,-1.0,161,0.0015930759036476001,-0.000393132086543358,0.4906832298136646,1.0346173626090578,-1.0
delay 12h,0.45,0.3,1,241,0.03343190396882469,0.07915214139937227,0.6431535269709544,1.2322839868485451,-0.9429488287391418,161,-0.008485729781993889,0.0029285862985756095,0.5031055900621118,0.8470503054066755,-0.9257081601339957
drop 20% (after 1h),0.45,0.3,1,211,0.03340601812855723,0.1433733774064837,0.6113744075829384,1.1855619425622885,-0.9460858027784154,49,-0.039076220681105577,0.04569138317376254,0.5306122448979592,0.7165535694696835,-0.939813817030585
delay 24h,0.15,0.3,1,241,0.03339191560433157,0.03270763011860378,0.5560165975103735,1.3312057437572218,-0.3464848700587241,161,0.00683883844654591,-0.000393132086543358,0.4906832298136646,1.1590427565006158,-0.3389166852959501
delay 12h,,,1,241,0.03336770473720283,0.07915214139937227,0.6431535269709544,1.222745362682042,-1.0,161,-0.006512395439276905,0.0029285862985756095,0.5031055900621118,0.8775170604876481,-1.0
delay 8h,0.15,0.3,7,241,0.03334456428479668,-0.2704708743266403,0.44398340248962653,1.207665391368032,-0.4816526095906168,161,-0.013356459353286977,-0.022421732355114708,0.453416149068323,0.8714212318975706,-0.3346214128146971
drop 30% (after 4h),0.45,0.3,7,188,0.03326323355769853,0.2567250217729414,0.6223404255319149,1.1266862654886365,-1.0,24,-0.02119647513643894,0.12682332720012335,0.625,0.9224566441896408,-0.936815177638308
delay 12h,0.1,0.3,1,241,0.03322212276838192,-0.03556681250896602,0.4730290456431535,1.334602012257609,-0.21988246613901327,161,-0.013271652414231443,-0.002647411607188787,0.4658385093167702,0.7482651917654192,-0.2239574601339962
drop 20% (after 1h),0.15,0.3,1,211,0.03319219853974156,-0.045633229120452666,0.4928909952606635,1.23955705190164,-0.3342667163806551,49,-0.01565440232642721,-0.023492644811265416,0.4897959183673469,0.8459641819708251,-0.3383132170305853
delay 24h,,0.1,7,241,0.03313760473977469,0.19756030476579634,0.8174273858921162,1.2805572994839844,-1.0,161,0.012780750777023555,0.08207251701957305,0.5900621118012422,1.156748627721031,-1.0
delay 8h,0.3,0.5,1,241,0.03309066831160308,0.07346234526629375,0.6182572614107884,1.2337762238722447,-0.7470382508992249,161,-0.009266287474190785,0.005047375596455403,0.5279503105590062,0.8319017829626109,-0.6353717128146975
drop 15% (after 1h),0.15,,7,217,0.03307293445660812,-0.3043067626180249,0.3548387096774194,1.1671465673402643,-0.4524707561850442,69,0.05302229200109129,0.019407219242851388,0.5652173913043478,1.4994705019172339,-0.3383132170305853
delay 4h,0.2,0.5,1,241,0.03305332646098016,0.04590933728117022,0.5850622406639004,1.251040187138764,-0.5877151130642956,161,-0.004057164950431182,0.007048449612403007,0.5217391304347826,0.9245316016600493,-0.4362284812395515
delay 12h,0.45,0.1,3,241,0.03304884582709712,0.19809999999999983,0.7759336099585062,1.2984966060487992,-0.9444615058483754,161,0.022940718059639327,0.03469494271884199,0.6149068322981367,1.4060504847865714,-0.9178976711390773
drop 15% (after 1h),,,7,217,0.03300372638679401,0.18826240118168536,0.5898617511520737,1.107287005926965,-1.0,69,0.027322221093005458,0.04175527953338383,0.6231884057971014,1.1696749243542963,-1.0
delay 4h,0.2,0.2,1,241,0.03300201652531599,0.07394618165655126,0.6099585062240664,1.2690116921158818,-0.5877151130642956,161,-0.004100481684996368,0.007048449612403007,0.5217391304347826,0.9237258556233732,-0.4362284812395515
drop 20% (after 1h),0.45,0.2,7,211,0.032943366726618614,0.3859675941014101,0.6966824644549763,1.151677807679444,-0.9628621632446133,49,-0.10894141647602086,0.03299572317276064,0.5102040816326531,0.5537989349082986,-0.939813817030585
delay 24h,0.45,0.2,1,241,0.03293545238435581,0.057863625592416985,0.6307053941908713,1.2918920623448844,-0.9609742522769014,161,0.0021661928659374116,-0.000393132086543358,0.4906832298136646,1.0476647361688853,-0.9077281690713404
delay 12h,0.3,0.3,1,241,0.032929525358052165,0.07165222247265511,0.6224066390041494,1.2415756326346585,-0.6832190851710421,161,-0.010984038395171682,-0.0008466858789623556,0.4968944099378882,0.8084754015660786,-0.6249578601339963
delay 8h,0.3,0.3,1,241,0.032923488185791584,0.07708396848292506,0.6265560165975104,1.2335586097731817,-0.7470382508992249,161,-0.009362875266117083,0.005047375596455403,0.5279503105590062,0.830149599506657,-0.6353717128146975
drop 30% (after 1h),0.15,0.5,7,188,0.0326941507833171,-0.30566940878320825,0.35638297872340424,1.1617816827170915,-0.574190403982048,24,-0.11691132202037266,-0.30581077484161406,0.3333333333333333,0.4271677531978181,-0.31654063792654563
drop 15% (after 1h),0.45,0.2,7,217,0.03268299759988762,0.37867957423550996,0.6774193548387096,1.1517758109211105,-0.962001204358118,69,0.004148568972687201,0.05581269329801312,0.6376811594202898,1.0274946138142613,-0.939813817030585
drop 30% (after 4h),0.15,0.3,1,188,0.032658250949253155,-0.013531154653886712,0.48936170212765956,1.2490534384781191,-0.33832397847953866,24,-0.08298655610249038,-0.14046539542387232,0.2916666666666667,0.49032509313664213,-0.31654063792654563
drop 10% (after 4h),0.45,0.5,1,227,0.03260128316789868,0.11430166005307592,0.6211453744493393,1.1957611522854223,-0.9466928432324838,104,-0.0048853342000883876,-0.003838895778015456,0.4807692307692308,0.9240124382475725,-0.9369696324679483
drop 20% (after 4h),0.15,0.5,7,211,0.03257109769717651,-0.30435328662579786,0.36018957345971564,1.1659959666788235,-0.5479148693857494,49,0.018139579014043547,-0.03758207165287644,0.4489795918367347,1.1263338595066201,-0.3379636930938385
delay 4h,,0.3,7,241,0.032560488093489534,0.20833733942558755,0.6431535269709544,1.1280665733419672,-1.0,161,0.002884450021770983,0.00994923576236546,0.515527950310559,1.0247135977533233,-1.0
delay 24h,0.1,0.5,1,241,0.0325111913230156,0.004081348138043924,0.5145228215767634,1.3840121320537573,-0.2483426294636195,161,0.007606301699603907,-0.0020415401595837244,0.4782608695652174,1.185310603690251,-0.22345380421508904
delay 24h,0.1,,1,241,0.0325111913230156,0.004081348138043924,0.5145228215767634,1.3840121320537573,-0.2483426294636195,161,0.007606301699603907,-0.0020415401595837244,0.4782608695652174,1.185310603690251,-0.22345380421508904
drop 30% (after 1h),0.1,0.5,7,188,0.03249283437038015,-0.20630532324132733,0.2765957446808511,1.2126416705022176,-0.3740901485755085,24,-0.10803327526840809,-0.20586563666335594,0.25,0.297567141697844,-0.216290537926546
delay 4h,0.1,0.3,7,241,0.03241211501167927,-0.20502575585749214,0.36099585062240663,1.2539604197218184,-0.3571897504514364,161,-0.02168442750320691,-0.06109463602954203,0.36645962732919257,0.7736143622580991,-0.23148292116828945
drop 20% (after 1h),0.3,0.5,1,211,0.0323885042822962,0.09129402128359548,0.5781990521327014,1.1855963666774862,-0.6295736827376427,49,-0.02380653931188502,0.04569138317376254,0.5306122448979592,0.8058057361979963,-0.6390635170305858
delay 12h,0.15,0.3,1,241,0.032377937140735606,0.017936430536487854,0.5352697095435685,1.2746695492402451,-0.347546917438345,161,-0.012742029804853292,-0.0011093370418005376,0.4906832298136646,0.7763939158752713,-0.3242075601339959
drop 30% (after 4h),0.45,0.5,1,188,0.03229838611072173,0.07453777413081528,0.5851063829787234,1.209726837983495,-0.9307647315626276,24,-0.07851174975069691,-0.08156599241581233,0.375,0.574427812042027,-0.936815177638308
delay 12h,,0.2,7,241,0.03228894010288177,0.37688595106185085,0.7136929460580913,1.159829575114933,-1.0,161,-0.004118360704393512,0.03276121600764669,0.5403726708074534,0.9644168893792732,-1.0
drop 30% (after 4h),,0.5,1,188,0.03217237907093978,0.07719125287514245,0.5904255319148937,1.204808328672677,-1.0,24,-0.0852561914288501,-0.08156599241581233,0.375,0.5541684222497952,-1.0
delay 4h,0.15,0.3,7,241,0.03203218447997111,-0.2945160052086162,0.43568464730290457,1.1956245529152503,-0.48746501306429524,161,-0.005078760713548863,-0.02085069323978262,0.4409937888198758,0.9494392189989894,-0.3359783812395514
drop 10% (after 4h),0.1,0.2,7,227,0.03197709321485504,-0.2040806933632451,0.41409691629955947,1.27046336577177,-0.30725336376543244,104,0.019525573900397906,-0.05205816373207815,0.46153846153846156,1.2063962557416896,-0.23521893246794912
delay 8h,,0.5,7,241,0.03193836839997543,0.1268433121526265,0.6182572614107884,1.1185475549215267,-1.0,161,-0.008974459520427887,0.005124612272174849,0.5217391304347826,0.9297620602583413,-1.0
drop 10% (after 4h),0.1,0.3,3,227,0.031894717919972684,-0.20551572602685375,0.3700440528634361,1.2528109031545536,-0.30725336376543244,104,6.005379342224891e-05,-0.03593066410899938,0.4230769230769231,1.0007125022568133,-0.23521893246794912
drop 30% (after 4h),0.45,0.3,3,188,0.03186335214481085,0.17905557619554371,0.6170212765957447,1.1482136709854278,-0.9647272136144918,24,-0.05368868190884683,0.04706615417806585,0.5416666666666666,0.7975205685281526,-0.936815177638308
delay 12h,0.45,0.2,3,241,0.03174454548854394,0.18662331586826367,0.6597510373443983,1.185337383146449,-0.944483796602769,161,-0.0002741274424566004,0.01653060326065421,0.5714285714285714,0.9964124509106207,-0.9257081601339957
delay 4h,0.15,,7,241,0.03166564609557179,-0.2994136723977189,0.4024896265560166,1.181521800545345,-0.48746501306429524,161,0.002543265994985628,-0.02085069323978262,0.4409937888198758,1.0253190733433732,-0.3359783812395514
drop 30% (after 1h),0.3,0.5,3,188,0.03163340335586969,0.10952071277833085,0.5585106382978723,1.1453820819656702,-0.7779488886106537,24,-0.08356557485071751,0.01320870137871246,0.5,0.6527889549664544,-0.6360648776383081
drop 30% (after 4h),0.3,0.1,1,188,0.03159583370863104,0.19437148875341498,0.6968085106382979,1.3327800931755047,-0.722997045416352,24,-0.09133579410438725,-0.06715854958820194,0.4583333333333333,0.4811849365609997,-0.6360648776383081
delay 24h,0.15,0.2,1,241,0.0315029823793431,0.03353373171524109,0.5601659751037344,1.3164338365899297,-0.3464848700587241,161,0.004612639545748219,-0.000393132086543358,0.4906832298136646,1.1072706884120165,-0.3389166852959501
delay 24h,0.15,0.5,1,241,0.031500359124671015,0.03270763011860378,0.5560165975103735,1.3124438860031402,-0.3464848700587241,161,0.005980385010526486,-0.000393132086543358,0.4906832298136646,1.1390787228625774,-0.3389166852959501
delay 24h,0.15,,1,241,0.031500359124671015,0.03270763011860378,0.5560165975103735,1.3124438860031402,-0.3464848700587241,161,0.005980385010526486,-0.000393132086543358,0.4906832298136646,1.1390787228625774,-0.3389166852959501
drop 30% (after 1h),0.45,0.3,3,188,0.03142821849479298,0.17002817410780247,0.6117021276595744,1.1413807257276523,-0.9647272136144918,24,-0.053682487751213336,0.04706615417806585,0.5416666666666666,0.7975391993692711,-0.936815177638308
delay 4h,,0.2,1,241,0.03134077639150882,0.13922945519591787,0.6929460580912863,1.2112911642253543,-1.0,161,-0.000882147071572326,0.007327017790940835,0.5341614906832298,0.9839937994683077,-1.0
delay 24h,0.1,0.1,7,241,0.03126203208403953,0.1861228939462687,0.6016597510373444,1.3929300414298413,-0.2990104583553941,161,0.01139529682987779,0.00962621598553108,0.5217391304347826,1.1579865853653553,-0.2304127879620578
delay 8h,0.2,0.5,1,241,0.03093531578643271,0.0564357937866929,0.5809128630705395,1.231291292862641,-0.5125095332713179,161,-0.0199286143131277,0.0013149991857506222,0.5093167701863354,0.6720885971927363,-0.4480923233333333
delay 8h,0.2,0.3,1,241,0.030912515687952932,0.06281252600915545,0.5892116182572614,1.2321342461271911,-0.5125095332713179,161,-0.020025202105054,0.0013149991857506222,0.5093167701863354,0.670499312667131,-0.4480923233333333
drop 20% (after 1h),,0.3,1,211,0.030717473925340744,0.15303237722647303,0.6161137440758294,1.1674277639766868,-1.0,49,-0.02711648754223271,0.04569138317376254,0.5306122448979592,0.784621085589582,-1.0
delay 24h,0.2,0.3,1,241,0.03071542676406755,0.04947695679230816,0.5767634854771784,1.2789207671117597,-0.44673497005872426,161,0.002164332841595538,-0.000393132086543358,0.4906832298136646,1.0453981187181367,-0.4391667852959503
drop 15% (after 1h),0.15,0.3,1,217,0.030666584957455216,-0.02598755806049642,0.4930875576036866,1.2200341330293758,-0.4421372681977671,69,-0.01722808881579439,-0.024863078330446715,0.37681159420289856,0.7888690531422565,-0.3383132170305853
delay 24h,0.3,0.2,1,241,0.0306286614192616,0.057699315404478105,0.6224066390041494,1.2675699368039213,-0.6472351700587243,161,0.0012434439079763951,-0.000393132086543358,0.4906832298136646,1.0268161632925725,-0.6609046991412706
drop 20% (after 1h),,0.3,7,211,0.030483938795498114,0.302424885464025,0.6350710900473934,1.1110879473219553,-1.0,49,-0.06969141075921507,0.03299572317276064,0.5102040816326531,0.7157614407130297,-1.0
drop 10% (after 4h),0.3,0.5,1,227,0.030357878559242196,0.06117692613185081,0.5814977973568282,1.1933909661128403,-0.7816917435956793,104,-0.015263903189244228,-0.004779470329754069,0.47115384615384615,0.7880239792889694,-0.6362193324679486
drop 30% (after 1h),0.2,0.3,3,188,0.030355032335794303,0.016379136755357945,0.5053191489361702,1.16275949030593,-0.5768283474288853,24,-0.11317011520595875,-0.3888707595855038,0.3333333333333333,0.5351642306064834,-0.43556467763830775
delay 24h,0.1,0.1,3,241,0.030293690221271832,0.1794066214276213,0.5933609958506224,1.3958706589745067,-0.2990104583553941,161,0.011668654061903127,0.019856599424332662,0.5527950310559007,1.2125820179301228,-0.22345380421508904
delay 1h,0.15,0.5,7,241,0.03024910648384006,-0.30420248072135303,0.3651452282157676,1.1653528611474446,-0.4465742424308367,161,0.01816395454472241,-0.005406201931951193,0.484472049689441,1.191165773357661,-0.33444312057579495
delay 4h,0.2,,7,241,0.03023180937438179,-0.1097908934883755,0.4605809128630705,1.1504451908497646,-0.5877151130642956,161,-0.0016836239557726325,-0.011484663516068184,0.4658385093167702,0.9849973824230811,-0.4362284812395515
drop 20% (after 1h),0.3,,7,211,0.03019974683501404,0.024022254067319303,0.5118483412322274,1.1107032559421277,-0.7649693332404918,49,-0.030039119542740956,-0.003969042524607336,0.4897959183673469,0.8536061656519941,-0.6390635170305858
drop 20% (after 1h),0.3,,1,211,0.03019281151773666,0.09129402128359548,0.5781990521327014,1.173014353136804,-0.6295736827376427,49,-0.02380653931188502,0.04569138317376254,0.5306122448979592,0.8058057361979963,-0.6390635170305858
delay 4h,0.2,,1,241,0.0301909520727629,0.04590933728117022,0.5850622406639004,1.2293004387074662,-0.5877151130642956,161,-0.004057164950431182,0.007048449612403007,0.5217391304347826,0.9245316016600493,-0.4362284812395515
delay 4h,0.1,,7,241,0.030045282226018058,-0.2053940146664035,0.31950207468879666,1.2183774923648436,-0.4166787301088326,161,-0.01595830837903349,-0.06109463602954203,0.36645962732919257,0.8333951025852478,-0.23148292116828945
drop 15% (after 4h),,0.3,7,217,0.029965625476604755,0.27695241734334547,0.631336405529954,1.1111536210288502,-1.0,69,0.037553033808444825,0.04320414102806549,0.6376811594202898,1.256885802205248,-1.0
drop 30% (after 4h),0.45,0.1,7,188,0.02992267753826398,0.19809999999999986,0.824468085106383,1.2325544571017182,-1.0,24,-0.12386125160654975,0.17125671054864616,0.6666666666666666,0.4743334389096163,-0.936815177638308
drop 10% (after 4h),,0.3,1,227,0.02989187869160527,0.13180094759983457,0.6387665198237885,1.1757954201133447,-1.0,104,-0.006386235389032265,-0.003838895778015456,0.4807692307692308,0.9029331505907502,-1.0
drop 30% (after 4h),0.45,,1,188,0.029847312262903655,0.07317936790957694,0.5851063829787234,1.1938109972970687,-0.9307647315626276,24,-0.07851174975069691,-0.08156599241581233,0.375,0.574427812042027,-0.936815177638308
drop 10% (after 1h),0.45,,7,227,0.029778878043853617,0.18581078668516593,0.5682819383259912,1.1010814957591688,-1.0,104,-0.0011820737530116754,0.04378165708808097,0.5769230769230769,0.992708269274708,-0.9376023532642683
delay 12h,0.3,,7,241,0.02974706470470923,0.05817665839886335,0.5643153526970954,1.132172247003071,-0.7671373592123355,161,0.005334788187724032,0.026738137426716622,0.5217391304347826,1.0460542815027252,-0.6424700803143646
delay 12h,0.2,0.3,1,241,0.02974107858823084,0.04655573136964053,0.5809128630705395,1.2330226611375064,-0.44779701743834494,161,-0.012126878735502836,-0.0008466858789623556,0.4968944099378882,0.7926794540688591,-0.42445766013399605
delay 24h,0.2,0.5,1,241,0.02973755116845705,0.04947695679230816,0.5767634854771784,1.2700408705906208,-0.44673497005872426,161,0.0013058794055761133,-0.000393132086543358,0.4906832298136646,1.0273915671132219,-0.4391667852959503
delay 24h,0.2,,1,241,0.02973755116845705,0.04947695679230816,0.5767634854771784,1.2700408705906208,-0.44673497005872426,161,0.0013058794055761133,-0.000393132086543358,0.4906832298136646,1.0273915671132219,-0.4391667852959503
drop 30% (after 4h),,,1,188,0.02972130522312171,0.07453777413081528,0.5904255319148937,1.1892048715233619,-1.0,24,-0.0852561914288501,-0.08156599241581233,0.375,0.5541684222497952,-1.0
drop 15% (after 1h),0.3,0.5,7,217,0.02971150316988388,-0.008469374665459155,0.4976958525345622,1.1060812357897272,-0.7778929810685807,69,0.026714454664732473,0.034456524098133906,0.6086956521739131,1.170317980545608,-0.6390635170305858
drop 20% (after 1h),0.3,0.3,7,211,0.029706975373716395,0.17418381832797442,0.5592417061611374,1.1221865139649756,-0.7649693332404918,49,-0.04198098059835037,-0.003969042524607336,0.4897959183673469,0.7954082272372428,-0.6390635170305858
delay 12h,0.45,0.5,3,241,0.02959697606050896,0.10820516027424473,0.6016597510373444,1.1541019982567273,-0.944483796602769,161,0.009053729227740951,0.01653060326065421,0.5714285714285714,1.1184875828388139,-0.9257081601339957
drop 30% (after 4h),0.3,0.5,1,188,0.029541815971560838,0.055150693904443895,0.5585106382978723,1.1932496579294716,-0.722997045416352,24,-0.08335680747637932,-0.08156599241581233,0.375,0.5597279080293046,-0.6360648776383081
drop 20% (after 1h),0.2,0.5,1,211,0.02951632271801213,0.03746148225522416,0.5308056872037915,1.1881308077956736,-0.43451681638065537,49,-0.0201961126699707,0.010369134229707977,0.5102040816326531,0.81733375755095,-0.4385633170305853
drop 30% (after 4h),0.3,0.2,3,188,0.029465474472862217,0.2675572805168609,0.6170212765957447,1.1632330026040987,-0.7779488886106537,24,-0.09176997901840105,0.01320870137871246,0.5,0.618701466689575,-0.6360648776383081
drop 20% (after 4h),0.45,0.2,7,211,0.029414493202279155,0.38519523814829937,0.6919431279620853,1.1333021834235817,-0.9475704410108763,49,-0.08215151696904947,0.03349892267146678,0.5306122448979592,0.6360673693759588,-0.939464293093838
drop 30% (after 1h),0.15,0.3,1,188,0.029375700947176186,-0.031247979509010662,0.4734042553191489,1.2169920988986498,-0.33832397847953866,24,-0.0829866131380405,-0.14046539542387232,0.2916666666666667,0.4903249213793786,-0.31654063792654563
delay 4h,0.45,0.2,1,241,0.029316780694772244,0.13490745503278456,0.6846473029045643,1.1974236954921513,-0.9369449041163023,161,0.0006728329876892009,0.007327017790940835,0.5341614906832298,1.012562732432394,-0.9374789812395514
drop 30% (after 1h),0.15,0.3,7,188,0.029289654538826253,-0.3051330167009749,0.4148936170212766,1.159779008697168,-0.574190403982048,24,-0.08313727236611965,-0.30581077484161406,0.3333333333333333,0.592650996503226,-0.31654063792654563
delay 24h,0.15,0.5,7,241,0.029165441301235273,-0.29991454885220137,0.4190871369294606,1.16864258442719,-0.47902836658820735,161,0.012852238548963906,-0.0003654773445468842,0.4968944099378882,1.1319615577854027,-0.34031236580542595
drop 20% (after 1h),0.2,0.2,1,211,0.02908719087394016,0.09129402128359548,0.5687203791469194,1.2058309005435552,-0.43451681638065537,49,-0.015170277366376,0.010369134229707977,0.5102040816326531,0.8627905474331167,-0.4385633170305853
delay 0.5h,0.2,,7,241,0.029009551797120912,-0.38319980728742725,0.4149377593360996,1.1341616660476146,-0.49938462161877106,161,0.01143093667065278,-0.0024068713150607324,0.484472049689441,1.1087664797243717,-0.4210858029200069
delay 12h,0.3,0.1,7,241,0.02887434631877974,0.19809999999999983,0.7676348547717843,1.2511491260256327,-0.6832190851710421,161,0.026020370747743198,0.10257615024991065,0.6211180124223602,1.343091974528213,-0.6424700803143646
drop 30% (after 4h),0.45,0.1,3,188,0.02881430533866273,0.1980999999999998,0.7819148936170213,1.242072984750608,-0.9647272136144918,24,-0.12159245727240789,0.11548074467781018,0.625,0.46496131472713437,-0.936815177638308
delay 1h,0.1,0.5,7,241,0.028753507660523994,-0.2063016225613531,0.29045643153526973,1.203969083760212,-0.30700332207420145,161,-0.0009787691024920546,-0.05088718258942068,0.39751552795031053,0.9893947469944471,-0.2341930205757954
drop 20% (after 4h),0.2,0.3,7,211,0.02870408405448727,-0.1197063928239979,0.4786729857819905,1.139978966696194,-0.5598472659296967,49,-0.0037799029888332223,-0.030826094212769935,0.46938775510204084,0.9768137905788703,-0.4382137930938384
drop 10% (after 4h),0.45,,1,227,0.02869483703280713,0.11415717866093798,0.6211453744493393,1.1723040879481677,-0.9466928432324838,104,-0.0048853342000883876,-0.003838895778015456,0.4807692307692308,0.9240124382475725,-0.9369696324679483
drop 15% (after 4h),,0.3,1,217,0.028643059550326016,0.11482599418224551,0.6497695852534562,1.1657685549455248,-1.0,69,-0.01687448107586691,-0.018797362711648644,0.4057971014492754,0.8084224646032603,-1.0
drop 10% (after 4h),0.45,0.1,7,227,0.028431924861419464,0.19809999999999986,0.8105726872246696,1.2216973533608584,-0.9475704410108763,104,0.019475725198180017,0.19114045523049958,0.6826923076923077,1.2031407593706982,-0.9197918304963233
drop 30% (after 1h),0.45,0.3,7,188,0.028379721734500245,0.2749445410067356,0.6170212765957447,1.1057709294387301,-1.0,24,-0.02119028097880544,0.12682332720012335,0.625,0.922477547689404,-0.936815177638308
drop 30% (after 4h),0.1,0.3,3,188,0.02828158997990421,-0.20583701191253606,0.3617021276595745,1.2153285681223607,-0.3740901485755085,24,-0.09916682735170848,-0.20586563666335594,0.20833333333333334,0.355945594652222,-0.216290537926546
delay 24h,0.2,0.1,7,241,0.028280761045075035,0.19596557617284283,0.7136929460580913,1.2722930111155786,-0.499510658355394,161,0.003356431676094739,0.06520691345918105,0.5652173913043478,1.0378617010320703,-0.44056246580542596
drop 30% (after 4h),0.45,0.2,1,188,0.028256804862777093,0.12308479630578796,0.6063829787234043,1.2008844316722762,-0.9307647315626276,24,-0.07013556774340025,-0.08156599241581233,0.375,0.6198308264303007,-0.936815177638308
delay 24h,,0.1,1,241,0.028194683489521255,0.19100959359788353,0.7012448132780082,1.3091708743441923,-1.0,161,-0.004517560046442462,0.00043206511730679593,0.5031055900621118,0.9009363317506931,-1.0
drop 20% (after 1h),0.15,0.3,7,211,0.02813520254046911,-0.30254902462659333,0.4075829383886256,1.1567169441979785,-0.45716105585862477,49,-0.014569572568886259,-0.10429353053221302,0.42857142857142855,0.9029648841611126,-0.3383132170305853
drop 10% (after 4h),0.3,0.2,3,227,0.028129308894706266,0.21986368927864877,0.6035242290748899,1.156891352343034,-0.7816917435956793,104,0.00218766213134897,-0.002997212413503806,0.5,1.0226072786112286,-0.6362193324679486
delay 24h,0.1,0.5,3,241,0.028103808987842874,-0.19981556762286884,0.4024896265560166,1.2464139283780264,-0.37877826658820757,161,0.006998064905488517,0.008681494661921797,0.515527950310559,1.114944917406293,-0.22345380421508904
delay 12h,0.2,0.1,7,241,0.02803431547094503,0.19745476778063395,0.7053941908713693,1.2692483500345308,-0.44779701743834494,161,0.024305731177923392,0.09614241435934842,0.6086956521739131,1.3243387021713056,-0.44196988031436435
delay 1h,0.45,0.5,7,241,0.02800969158033553,0.10810655718771814,0.5767634854771784,1.0956918597072232,-1.0,161,0.023714804410740233,0.026810526315789764,0.5403726708074534,1.224255839338545,-0.9359437205757952
drop 20% (after 1h),0.45,,7,211,0.027880101673438636,0.17418381832797442,0.5781990521327014,1.0923518526872333,-1.0,49,-0.05732485257036499,0.03299572317276064,0.5102040816326531,0.7652094942353563,-0.939813817030585
drop 15% (after 4h),0.2,0.5,7,217,0.027840013752179534,-0.389155822545654,0.42857142857142855,1.126070320815567,-0.5536258686549814,69,0.04293295137966962,0.030994592873968257,0.5942028985507246,1.3519244722018167,-0.4357191324679484
delay 24h,0.3,0.3,7,241,0.027833593611249666,0.08064880025075229,0.5726141078838174,1.1289551871221135,-0.7822010369591061,161,-0.000769564639401241,0.00962621598553108,0.5279503105590062,0.9934175795224319,-0.6609046991412706
drop 30% (after 1h),0.2,0.2,3,188,0.027806040712427232,0.15503829664466817,0.5638297872340425,1.1705075498610507,-0.5768283474288853,24,-0.10696982969082468,-0.3378942710934727,0.375,0.5278319416259606,-0.43556467763830775
drop 30% (after 1h),0.45,0.2,1,188,0.027778050221666746,0.1445533964387128,0.6170212765957447,1.187901711413826,-0.9307647315626276,24,-0.07057153089291406,-0.08156599241581233,0.375,0.6183695363058783,-0.936815177638308
drop 10% (after 1h),,0.3,7,227,0.027702151733912894,0.3052808033789843,0.6299559471365639,1.101173700529411,-1.0,104,-0.010570273392952877,0.04378165708808097,0.5769230769230769,0.9323650056810132,-1.0
drop 20% (after 4h),0.2,0.3,1,211,0.027696593075509326,0.04080395745123316,0.5402843601895735,1.1846399402496253,-0.4350640402545744,49,-0.00459970543360233,0.010369134229707977,0.5102040816326531,0.9556094140006883,-0.4382137930938384
delay 8h,0.2,0.3,3,241,0.02766469299989385,0.020589518275450837,0.5103734439834025,1.163581595047239,-0.5876984156896357,161,-0.008915052059798907,0.008217896260895799,0.515527950310559,0.8886584763022984,-0.4480923233333333
delay 24h,0.45,0.1,7,241,0.027598020716946028,0.1974519585275141,0.8049792531120332,1.2272710712457178,-0.9609742522769014,161,0.004248255007445661,0.08207251701957305,0.5838509316770186,1.0472279693311477,-0.9659127341216309
drop 20% (after 1h),0.2,,1,211,0.027579222645619936,0.03746148225522416,0.5308056872037915,1.1757841410078826,-0.43451681638065537,49,-0.0201961126699707,0.010369134229707977,0.5102040816326531,0.81733375755095,-0.4385633170305853
delay 0.5h,0.15,,7,241,0.027562954854171307,-0.30401823310335147,0.34854771784232363,1.148784702622972,-0.3991345216187712,161,0.019642340170009497,-0.009202477595094575,0.4658385093167702,1.2093609488199302,-0.33307618147315027
delay 12h,,0.3,1,241,0.027556742568294774,0.07915214139937227,0.6431535269709544,1.1839544153861703,-1.0,161,-0.0061750186594824496,0.0029285862985756095,0.5031055900621118,0.8838623293058181,-1.0
drop 10% (after 4h),0.2,0.2,7,227,0.02749496605292365,0.17794132267792523,0.5550660792951542,1.1631326573290244,-0.5473205654012343,104,0.001065420792208909,0.03901730889928015,0.5384615384615384,1.0079277611560327,-0.4357191324679484
delay 12h,0.1,0.5,7,241,0.02744187024579961,-0.20538736311446834,0.3236514522821577,1.2024262120495666,-0.35836482535258307,161,-0.008616001035091407,-0.046921308388451245,0.40993788819875776,0.9055563349104438,-0.2303519757385916
delay 4h,0.3,0.3,7,241,0.027418286258563553,0.10111209202782252,0.5643153526970954,1.121907689015435,-0.7232257762030324,161,0.0025303223365124175,0.0020036443512674706,0.5031055900621118,1.022358547047407,-0.6445792014962551
delay 4h,0.2,0.2,7,241,0.027403765244396878,0.10111209202782252,0.5601659751037344,1.1701969417228741,-0.5877151130642956,161,-0.0013303373850210576,-0.004735358877578494,0.484472049689441,0.9876136420953492,-0.4362284812395515
delay 24h,0.1,0.2,3,241,0.02739302855595322,-0.08700819754026731,0.44398340248962653,1.2594825441129407,-0.37877826658820757,161,0.014119037096919028,0.011156097560975405,0.5217391304347826,1.2326818909485997,-0.22345380421508904
drop 10% (after 4h),,0.1,7,227,0.027388425759355642,0.19809999999999986,0.8193832599118943,1.2088868163115856,-1.0,104,0.02334501384686633,0.19114045523049958,0.6826923076923077,1.2537397627273437,-1.0
drop 15% (after 4h),0.45,0.3,1,217,0.027379142153124855,0.11415717866093798,0.6405529953917051,1.1586146539593631,-0.9433180325565308,69,-0.01465001698658973,-0.018797362711648644,0.4057971014492754,0.8293677705879231,-0.9369696324679483
drop 15% (after 1h),0.15,0.2,1,217,0.027312159370617047,0.036056804546021434,0.5207373271889401,1.2086789296705844,-0.4421372681977671,69,-0.017036646696613155,-0.024863078330446715,0.37681159420289856,0.7912151842960575,-0.3383132170305853
drop 20% (after 1h),0.2,0.2,7,211,0.0272930166117372,0.25243388277013146,0.5592417061611374,1.1568106517287964,-0.4629407706873996,49,-0.06045110171877362,-0.03758207165287644,0.4489795918367347,0.6471943846018868,-0.4385633170305853
delay 4h,0.45,0.2,7,241,0.02725252885651713,0.38408212958976884,0.6887966804979253,1.131030234273622,-0.9624669160546836,161,0.005937503151184184,0.01520240386106428,0.5279503105590062,1.0537453591741166,-0.9374789812395514
delay 12h,0.15,0.1,7,241,0.027214924816061994,0.19577940295972818,0.6556016597510373,1.2822690631383324,-0.347546917438345,161,0.022816382406177737,0.07339120438793621,0.5838509316770186,1.3157043909486352,-0.3306020757385912
drop 15% (after 1h),0.15,0.3,7,217,0.02718209962378962,-0.30332148588801083,0.41013824884792627,1.1509838644862627,-0.4421372681977671,69,0.04265851829965032,0.019407219242851388,0.5652173913043478,1.401843653717069,-0.3383132170305853
drop 30% (after 1h),0.45,0.5,1,188,0.027136409962551695,0.10504646543975898,0.5957446808510638,1.166428341237033,-0.9307647315626276,24,-0.07894771290021071,-0.08156599241581233,0.375,0.5730735623772194,-0.936815177638308
drop 20% (after 4h),,0.2,7,211,0.027124478305546266,0.3871085603347221,0.7014218009478673,1.1195874878771173,-1.0,49,-0.08119692974113749,0.03349892267146678,0.5306122448979592,0.6387686182599714,-1.0
drop 30% (after 4h),0.3,,1,188,0.027090742123742767,0.05052919484194467,0.5585106382978723,1.1772158033043292,-0.722997045416352,24,-0.08335680747637932,-0.08156599241581233,0.375,0.5597279080293046,-0.6360648776383081
delay 1h,0.3,0.3,7,241,0.0270684301951576,0.09394885459116972,0.5518672199170125,1.1177760363487246,-0.6618036758714891,161,-0.003782028860342043,0.024655569783451577,0.5279503105590062,0.9674297625830143,-0.644657891628319
delay 12h,0.15,0.1,3,241,0.026989491612653304,0.1950219897165844,0.6514522821576764,1.2902440865689846,-0.347546917438345,161,0.01372687839380024,0.02123308724832201,0.577639751552795,1.233227209904843,-0.31807439251846076
drop 10% (after 4h),0.15,,7,227,0.026945487148257324,-0.3031762622844477,0.3788546255506608,1.1429439380959692,-0.5479148693857494,104,0.016755610191278306,0.0005043485607253793,0.5,1.1398297851071804,-0.3354690324679483
drop 30% (after 4h),0.15,0.3,7,188,0.02693640975528937,-0.3047743017088974,0.4095744680851064,1.1451497407637705,-0.5479148693857494,24,-0.08313721533056954,-0.30581077484161406,0.3333333333333333,0.5926511621243247,-0.31654063792654563
drop 30% (after 1h),0.3,0.1,7,188,0.02692494121860747,0.1980999999999998,0.7872340425531915,1.2180686331455708,-0.722997045416352,24,-0.11332264913743359,0.06025664575886017,0.5833333333333334,0.4621600766180586,-0.6360648776383081
drop 15% (after 1h),0.15,0.3,3,217,0.026835581525768884,-0.30089140100669004,0.43317972350230416,1.158472853134678,-0.4421372681977671,69,0.014776780917796986,7.804260836201393e-05,0.5072463768115942,1.1646509773655185,-0.3383132170305853
delay 24h,0.45,0.3,7,241,0.026820156430818167,0.1615007915607649,0.6265560165975104,1.1121418552902889,-1.0,161,0.016300735107217534,0.026723915501008964,0.5403726708074534,1.155913037306372,-0.9659127341216309
delay 8h,0.3,,1,241,0.02677286062014504,0.07179981782026776,0.6141078838174274,1.1853302545630566,-0.7470382508992249,161,-0.009266287474190785,0.005047375596455403,0.5279503105590062,0.8319017829626109,-0.6353717128146975
drop 10% (after 4h),0.3,0.3,3,227,0.02676028673828701,0.1186564931995857,0.5550660792951542,1.1299085040353243,-0.7816917435956793,104,0.007567849392101914,-0.006840934285521854,0.49038461538461536,1.076583902273214,-0.6362193324679486
drop 10% (after 4h),0.2,0.3,1,227,0.02672401247126467,0.026806095781265468,0.5330396475770925,1.1857823230926825,-0.5473205654012343,104,-0.02237827295875714,-0.00829133417406625,0.4519230769230769,0.6983511477604291,-0.4357191324679484
delay 4h,0.1,0.3,3,241,0.02671787399998067,-0.2045119333449177,0.3775933609958506,1.2215453545490458,-0.3571897504514364,161,-0.0020755140385882473,-0.0009870430372019502,0.4906832298136646,0.9706255306692899,-0.21541873226846656
delay 24h,0.15,0.3,7,241,0.026622866330863262,-0.2725727565400733,0.45228215767634855,1.163967377819364,-0.47902836658820735,161,0.011803800273304873,-0.0003654773445468842,0.4968944099378882,1.1211966200221708,-0.34031236580542595
drop 10% (after 4h),,0.5,7,227,0.026577615169994427,0.1584482527679111,0.5991189427312775,1.0911220405275324,-1.0,104,0.022374704287678727,0.04787866750309215,0.5769230769230769,1.1534729132529777,-1.0
delay 24h,0.45,0.1,1,241,0.026455770843067546,0.19100959359788353,0.7012448132780082,1.2846744773008538,-0.9609742522769014,161,-0.003944443084152651,0.00043206511730679593,0.5031055900621118,0.9124030853180586,-0.9077281690713404
drop 10% (after 4h),0.3,,1,227,0.026451432424150642,0.05394842315104169,0.5814977973568282,1.1685054527638472,-0.7816917435956793,104,-0.015263903189244228,-0.004779470329754069,0.47115384615384615,0.7880239792889694,-0.6362193324679486
drop 30% (after 1h),0.2,0.2,7,188,0.026445042625528714,0.287184441017003,0.5531914893617021,1.1488349033690546,-0.5768283474288853,24,-0.08969512239015814,-0.3888707595855038,0.4166666666666667,0.602627302818017,-0.43556467763830775
delay 24h,0.2,0.2,1,241,0.02644465431423887,0.05101605178907731,0.5809128630705395,1.2404413214290786,-0.44673497005872426,161,-6.186605920215394e-05,-0.000393132086543358,0.4906832298136646,0.9987023240389348,-0.4391667852959503
delay 12h,0.15,0.5,7,241,0.026393837768679478,-0.30069163876660043,0.4107883817427386,1.1529934305097567,-0.45916965000982096,161,0.010436592995967988,-0.0120443987795209,0.484472049689441,1.1077095970797943,-0.3306020757385912
drop 15% (after 4h),0.3,0.3,1,217,0.026335641108804285,0.08215034094420598,0.5990783410138248,1.160152627504144,-0.7778929810685807,69,-0.03724250198908075,-0.023471690978655105,0.391304347826087,0.6462403570674172,-0.6362193324679486
delay 24h,0.2,0.3,3,241,0.026199589127207185,0.024705007996578442,0.5228215767634855,1.1707467784344094,-0.5792784665882074,161,0.011407344922112978,0.014704889992804686,0.546583850931677,1.1669532638317301,-0.4391667852959503
drop 10% (after 1h),0.3,0.5,7,227,0.025997750657001925,-0.01746248284113829,0.4933920704845815,1.096249914400262,-0.7816917435956793,104,0.00478764103562767,0.041458122127241544,0.5576923076923077,1.0304040119275812,-0.6368520532642682
delay 12h,0.2,0.5,7,241,0.025986002723565618,-0.06716162010281133,0.4730290456431535,1.1314477616451015,-0.5594197500098215,161,0.014812748639946468,0.009577548586928327,0.5093167701863354,1.139260988867136,-0.44196988031436435
drop 10% (after 4h),,0.5,1,227,0.02592805275618714,0.11482599418224551,0.6255506607929515,1.149253069843915,-1.0,104,-0.006386235389032265,-0.003838895778015456,0.4807692307692308,0.9029331505907502,-1.0
drop 10% (after 4h),0.45,0.1,1,227,0.025883293137030052,0.1974046087501512,0.7533039647577092,1.234264259534342,-0.9466928432324838,104,0.009459415648319763,0.007099532067097006,0.5192307692307693,1.1848554231231965,-0.9069366438818884
drop 15% (after 1h),,0.3,1,217,0.02580854038213952,0.1257325251517958,0.6267281105990783,1.1391498869949968,-1.0,69,-0.03230512567409278,-0.023471690978655105,0.391304347826087,0.6797209449025725,-1.0
drop 30% (after 1h),0.15,0.3,3,188,0.02574846053534888,-0.2931866846880848,0.4308510638297872,1.1545761441197966,-0.47434024857550805,24,-0.09897390792574587,-0.30581077484161406,0.2916666666666667,0.5154692724652369,-0.31654063792654563
delay 24h,0.3,0.1,1,241,0.02567219147559827,0.1898703637499999,0.6929460580912863,1.2768705472802078,-0.6472351700587243,161,-0.004867192042113667,0.00043206511730679593,0.5031055900621118,0.894081469457496,-0.6609046991412706
drop 20% (after 4h),0.45,0.3,7,211,0.025660322680989386,0.26690383375928683,0.6113744075829384,1.0956158439264498,-1.0,49,-0.03814028662212964,0.03349892267146678,0.5306122448979592,0.8310378754372115,-0.939464293093838
drop 30% (after 4h),,0.1,7,188,0.025657552679358007,0.19809999999999986,0.8297872340425532,1.191132018383419,-1.0,24,-0.13880927993274528,0.17125671054864616,0.6666666666666666,0.446037128526962,-1.0
delay 12h,0.3,0.1,3,241,0.025646408691135672,0.19777945422588292,0.7427385892116183,1.2287205996505466,-0.6832190851710421,161,0.021938404623530514,0.03369842712885341,0.6086956521739131,1.3897329629987376,-0.6171473711390771
delay 24h,0.15,,7,241,0.025606553941536297,-0.29991454885220137,0.4149377593360996,1.1470657076618984,-0.47902836658820735,161,0.012127950894307401,-0.0003654773445468842,0.4968944099378882,1.1245248667506793,-0.34031236580542595
drop 20% (after 4h),0.2,0.5,1,211,0.025597244619514455,0.03436271675519074,0.5308056872037915,1.1677520786167954,-0.4350640402545744,49,-0.00459970543360233,0.010369134229707977,0.5102040816326531,0.9556094140006883,-0.4382137930938384
delay 0.5h,,0.5,7,241,0.025590289068372598,0.10443816584684694,0.5726141078838174,1.082643022985506,-1.0,161,0.01545061161624975,0.01953496803919336,0.5341614906832298,1.1374069477690798,-1.0
drop 30% (after 4h),0.2,0.5,7,188,0.025546979174015157,-0.3961499249791899,0.425531914893617,1.1124225801238588,-0.5768283474288853,24,-0.13077961639248487,-0.4019345283644092,0.375,0.46099731267766964,-0.43556467763830775
delay 4h,0.2,0.2,3,241,0.02554063445270553,0.08868948114746528,0.5560165975103735,1.1665494227579756,-0.5877151130642956,161,0.002091001076259479,0.017354631685470242,0.5590062111801242,1.0274666563723325,-0.4362284812395515
delay 24h,0.1,,3,241,0.02553949799208935,-0.19981556762286884,0.4024896265560166,1.2239300740962127,-0.37877826658820757,161,0.006998064905488517,0.008681494661921797,0.515527950310559,1.114944917406293,-0.22345380421508904
drop 30% (after 4h),,0.1,3,188,0.025495143419064448,0.1980999999999998,0.7872340425531915,1.2079187912678715,-1.0,24,-0.13551728072534802,0.11548074467781018,0.625,0.4381166487993877,-1.0
drop 10% (after 4h),0.1,0.3,1,227,0.025482877048270527,-0.19905836571428612,0.41409691629955947,1.2260765779164384,-0.30725336376543244,104,-0.019179687615386513,-0.01156664623224744,0.41346153846153844,0.7070194303240922,-0.23521893246794912
drop 10% (after 1h),0.15,0.5,7,227,0.025458153761528865,-0.3047204252452581,0.3524229074889868,1.1316685292373527,-0.44707046540123446,104,0.02117469793433201,-0.015064145742657718,0.5,1.1782262553126588,-0.3361017532642684
drop 30% (after 1h),0.45,,1,188,0.025455759612049003,0.10504646543975898,0.5957446808510638,1.1561208668725318,-0.9307647315626276,24,-0.07894771290021071,-0.08156599241581233,0.375,0.5730735623772194,-0.936815177638308
delay 8h,0.2,,1,241,0.025449459132319063,0.05365951926920044,0.5767634854771784,1.1873621530633296,-0.5125095332713179,161,-0.0199286143131277,0.0013149991857506222,0.5093167701863354,0.6720885971927363,-0.4480923233333333
drop 30% (after 1h),,0.5,1,188,0.02542485050959004,0.11276331279759524,0.601063829787234,1.1515907634155726,-1.0,24,-0.0856921545783639,-0.08156599241581233,0.375,0.5529079088074335,-1.0
drop 30% (after 4h),0.45,0.1,1,188,0.02538467709756021,0.19475012711656597,0.7074468085106383,1.2483018000553796,-0.9307647315626276,24,-0.08649073637870483,-0.06715854958820194,0.4583333333333333,0.49480259678862343,-0.936815177638308
drop 30% (after 1h),0.3,0.1,3,188,0.025383135064344493,0.19809999999999978,0.7553191489361702,1.2167799427116641,-0.722997045416352,24,-0.11593028638121734,0.07729481650171736,0.5833333333333334,0.46144876364397963,-0.6360648776383081
drop 10% (after 4h),0.1,0.2,3,227,0.025304928325683738,-0.20400660829750955,0.40969162995594716,1.2153488816957678,-0.30725336376543244,104,-0.000794394723876508,-0.03203816354868527,0.4326923076923077,0.9903494322568318,-0.23521893246794912
drop 15% (after 4h),0.15,0.3,1,217,0.02530227141659773,0.002193838527027033,0.5023041474654378,1.1850673436061174,-0.4421372681977671,69,-0.015780459914134324,-0.024863078330446715,0.37681159420289856,0.8065653557852099,-0.3354690324679483
delay 8h,0.3,,7,241,0.025242607047411703,0.04999519125703955,0.5435684647302904,1.1061493415446306,-0.7716004288368735,161,-0.006038190084075531,0.004704735710843305,0.5093167701863354,0.9503524826876193,-0.6444032328133112
drop 20% (after 1h),0.15,0.5,1,211,0.025119625816011276,-0.06922214882247765,0.4786729857819905,1.1756348324274566,-0.3342667163806551,49,-0.01565440232642721,-0.023492644811265416,0.4897959183673469,0.8459641819708251,-0.3383132170305853
delay 8h,0.3,0.3,3,241,0.025072760215940623,0.0914993065187241,0.5767634854771784,1.1304738652022006,-0.7470382508992249,161,0.007947284458745289,0.009736259195928538,0.5403726708074534,1.1029465233628124,-0.6353717128146975
delay 24h,0.15,0.1,1,241,0.025046604272120437,0.17690500344609836,0.6348547717842323,1.2986375959269225,-0.3464848700587241,161,-0.0014979964043418436,0.00043206511730679593,0.5031055900621118,0.964821750315428,-0.3389166852959501
delay 24h,0.2,0.1,3,241,0.024992143499744157,0.19512831627644775,0.6846473029045643,1.2511447450591893,-0.499510658355394,161,0.0104567644850254,0.029235416394452894,0.577639751552795,1.172519411128663,-0.4391667852959503
drop 15% (after 1h),0.45,0.3,3,217,0.024987698059027376,0.14040520188879108,0.6175115207373272,1.1103649318810276,-0.9598846659676451,69,-0.00415933755572112,0.020588207563431302,0.5507246376811594,0.9649298934175149,-0.939813817030585
delay 24h,0.2,0.5,7,241,0.02489870254171381,-0.09663244314672413,0.48132780082987553,1.1253915440838043,-0.5792784665882074,161,0.006910055351159618,0.005713682307319176,0.515527950310559,1.0647108080644034,-0.44056246580542596
drop 30% (after 1h),0.3,0.5,1,188,0.02478361789467893,0.07719125287514245,0.5585106382978723,1.153786757604513,-0.722997045416352,24,-0.08335590717493561,-0.08156599241581233,0.375,0.5597305696554702,-0.6360648776383081
delay 8h,0.15,0.3,1,241,0.024764169017709562,0.025188140378669586,0.5352697095435685,1.2065333277781907,-0.4122594332713174,161,-0.019417886981359718,2.916805623153461e-05,0.5031055900621118,0.6767395702617763,-0.3346214128146971
delay 24h,,0.1,3,241,0.024742779382190883,0.19678552020657264,0.7551867219917012,1.2224867755164504,-1.0,161,0.011708735637017546,0.029891213785268014,0.5838509316770186,1.1949954398386697,-1.0
drop 15% (after 4h),,0.2,7,217,0.02471616986220905,0.3847489808681915,0.6820276497695853,1.109539655967271,-1.0,69,0.01926876565802603,0.0848921968085922,0.6521739130434783,1.1344802420968771,-1.0
drop 30% (after 4h),0.1,,7,188,0.024697162456585386,-0.20628462543072118,0.2765957446808511,1.1601648871317523,-0.404477258839389,24,-0.10803321823285796,-0.20586563666335594,0.25,0.29756725204929424,-0.216290537926546
drop 30% (after 1h),0.2,0.3,1,188,0.024637799259790708,0.012263293945240622,0.5053191489361702,1.1624093919227407,-0.44487818594972073,24,-0.12138894666660963,-0.14046539542387232,0.2916666666666667,0.3967499236631952,-0.43556467763830775
delay 24h,0.1,0.2,7,241,0.024551620929582452,-0.20120748581798514,0.4315352697095436,1.2112137288180727,-0.37877826658820757,161,0.014615498102319303,-0.012018862536764692,0.4782608695652174,1.180522982000065,-0.2304127879620578
drop 15% (after 1h),0.15,0.5,3,217,0.024549565969540697,-0.3027835969350739,0.39631336405529954,1.1365363479781239,-0.4421372681977671,69,0.01984410758061588,7.804260836201393e-05,0.5072463768115942,1.2211139033779501,-0.3383132170305853
delay 24h,0.3,0.1,7,241,0.024521336723009282,0.19713099655874855,0.7634854771784232,1.2097313015632845,-0.6664618728014398,161,0.00017602823142846794,0.06940024728806748,0.577639751552795,1.0018917562792407,-0.6609046991412706
delay 24h,0.2,0.2,7,241,0.02443849648527461,0.09840093289122707,0.5684647302904564,1.1515081362865336,-0.5792784665882074,161,0.008943855925743286,0.02387537905876635,0.5341614906832298,1.088680423601082,-0.44056246580542596
drop 20% (after 4h),0.45,0.3,1,211,0.024392253311637045,0.12461805102590849,0.6018957345971564,1.1428947432440486,-0.9460858027784154,49,-0.016587958110258996,0.04569138317376254,0.5306122448979592,0.8662533358430593,-0.939464293093838
drop 15% (after 4h),0.1,0.5,7,217,0.024339924341335292,-0.20622193449750542,0.271889400921659,1.15958199395565,-0.40023981306166,69,0.030045086736043163,-0.04221263496291883,0.4782608695652174,1.3075576145086523,-0.23521893246794912
drop 10% (after 1h),0.2,0.5,7,227,0.02429937543763948,-0.4006940939925374,0.40969162995594716,1.1066539723258768,-0.5473205654012343,104,0.004489556812361892,0.008282183707987358,0.5096153846153846,1.0311531748663418,-0.43635185326426806
drop 30% (after 1h),0.45,0.5,7,188,0.02428362034923551,0.12209747561087492,0.5638297872340425,1.0777112400486715,-1.0,24,-0.05301903942783778,0.12682332720012335,0.625,0.8060353253593403,-0.936815177638308
delay 0.5h,0.3,0.5,7,241,0.024265020388881668,-0.018779435722676013,0.4896265560165975,1.0904786525544297,-0.7618822749357423,161,0.017176203902739478,0.014813490648378806,0.5217391304347826,1.1561274936169452,-0.6452661681415981
drop 10% (after 4h),0.2,0.2,1,227,0.024245998139842018,0.06117692613185081,0.5594713656387665,1.1798169111112902,-0.5473205654012343,104,-0.020457982791182612,-0.00829133417406625,0.4519230769230769,0.7242357781822379,-0.4357191324679484
delay 4h,0.3,0.2,1,241,0.02424060470175425,0.0939195002231146,0.6473029045643154,1.1711275266740806,-0.628139422111456,161,-0.0048520894373909286,0.0073144035111050495,0.5279503105590062,0.9141866998131507,-0.6367286812395517
delay 12h,0.1,0.1,3,241,0.024227296094287167,0.18662331586826367,0.5684647302904564,1.2949991537306926,-0.22551572544366894,161,0.00964753647417117,0.013010860290959561,0.5403726708074534,1.1682897625087232,-0.21528211196603295
delay 0.5h,0.1,0.5,3,241,0.024214743307050236,-0.2063855320619424,0.3360995850622407,1.1824396087654923,-0.24653215457498764,161,0.010397974403891992,0.000164449703711369,0.5031055900621118,1.150379221828651,-0.22058560292000776
drop 20% (after 1h),,0.2,7,211,0.02417595435163119,0.3859675941014101,0.7014218009478673,1.1062086753371634,-1.0,49,-0.10997455513441842,0.03299572317276064,0.5102040816326531,0.5514653991202308,-1.0
drop 15% (after 4h),0.45,0.3,7,217,0.024135247502645524,0.23158471122011087,0.6175115207373272,1.0900835794371533,-1.0,69,0.04337329120071774,0.04320414102806549,0.6376811594202898,1.3090026063017697,-0.9369696324679483
delay 24h,0.3,0.1,3,241,0.024036482322631395,0.19635613400495433,0.7261410788381742,1.2238981327116096,-0.6472351700587243,161,0.009672546347726994,0.029891213785268014,0.5838509316770186,1.1558017675062406,-0.6609046991412706
delay 2h,0.15,0.5,7,241,0.023965625996942377,-0.3026142226577328,0.36929460580912865,1.131859144187784,-0.5420798420138355,161,0.0016245690488751196,-0.021283100166909832,0.43478260869565216,1.0160928929242308,-0.3380658545377813
drop 15% (after 1h),,0.2,7,217,0.023871270742644165,0.379187724807294,0.6820276497695853,1.1056384507741723,-1.0,69,-0.0030892240659616352,0.05581269329801312,0.6376811594202898,0.9804633309157442,-1.0
delay 12h,,0.1,3,241,0.023852125316968925,0.19809999999999983,0.7759336099585062,1.1989096316658368,-1.0,161,0.021860907942490737,0.03469494271884199,0.6149068322981367,1.3796811515045382,-1.0
drop 30% (after 1h),,,1,188,0.023744200159087347,0.11276331279759524,0.601063829787234,1.141570210115908,-1.0,24,-0.0856921545783639,-0.08156599241581233,0.375,0.5529079088074335,-1.0
delay 24h,0.15,0.3,3,241,0.02370742105867994,-0.03789080589321806,0.46887966804979253,1.1709174709400787,-0.47902836658820735,161,0.015373757656715763,0.01447973988345748,0.5403726708074534,1.2429634606465185,-0.3389166852959501
drop 10% (after 4h),0.15,0.2,7,227,0.023691586239415183,-0.026450356740518405,0.4889867841409692,1.1555699759873463,-0.5479148693857494,104,0.020536654121107074,0.03169579208080285,0.5288461538461539,1.1848605576297508,-0.3354690324679483
drop 20% (after 4h),0.45,0.5,7,211,0.023647053336134802,0.15801828804878032,0.5781990521327014,1.0812293229937024,-1.0,49,-0.02649407449053133,0.03349892267146678,0.5306122448979592,0.8826307951328396,-0.939464293093838
delay 8h,0.3,0.2,7,241,0.023637181014875164,0.30803787006929273,0.6265560165975104,1.1255617233492996,-0.7470382508992249,161,-0.008929639738517875,0.007702068628672355,0.5217391304347826,0.9235028378650735,-0.6444032328133112
delay 1h,0.15,0.3,7,241,0.023622749192908955,-0.30097186756725447,0.4107883817427386,1.1407244429647856,-0.38839373426294793,161,0.00551918676460787,-0.005406201931951193,0.484472049689441,1.0580864482766605,-0.33444312057579495
drop 10% (after 4h),0.3,0.1,1,227,0.023616771898897704,0.1965815996817419,0.7224669603524229,1.2211934324788973,-0.7816917435956793,104,-0.0031577822348245097,0.005401978062408627,0.5096153846153846,0.9488868653787492,-0.609179747466912
drop 20% (after 4h),0.45,0.5,1,211,0.023520735995365572,0.10141082905677297,0.5924170616113744,1.1359462911254685,-0.9460858027784154,49,-0.016587958110258996,0.04569138317376254,0.5306122448979592,0.8662533358430593,-0.939464293093838
delay 8h,0.45,0.3,1,241,0.023509515824868515,0.08804849228611514,0.6431535269709544,1.1507409260475192,-0.945249504367816,161,-0.00915911339769968,0.005047375596455403,0.5279503105590062,0.8332295583967703,-0.9361220128146969
delay 0.5h,0.2,0.3,7,241,0.023472328520505154,-0.05491610235166426,0.46473029045643155,1.1195424928620992,-0.4978915234376186,161,0.005228023632457734,-0.0009870495048310678,0.4906832298136646,1.0509868077521922,-0.4210858029200069
delay 12h,0.2,0.1,3,241,0.02346753764628629,0.19661227456826535,0.6887966804979253,1.2257629718082208,-0.44779701743834494,161,0.016663703416138105,0.027660786475560303,0.5962732919254659,1.282677746112342,-0.41578231196603305
drop 30% (after 1h),0.1,0.3,3,188,0.023466330209840933,-0.20611538241470656,0.34574468085106386,1.1734238847078042,-0.3740901485755085,24,-0.0991668843872586,-0.20586563666335594,0.20833333333333334,0.3559454628006742,-0.216290537926546
delay 1h,0.15,,7,241,0.02335354865766982,-0.30420248072135303,0.36099585062240663,1.1268457554150981,-0.4465742424308367,161,0.017730388732687705,-0.005406201931951193,0.484472049689441,1.1866027282589195,-0.33444312057579495
drop 10% (after 4h),0.45,0.2,3,227,0.02334528967232645,0.32762133749677397,0.6475770925110133,1.1188689465148438,-0.9475704410108763,104,0.005291004297298066,0.0019249157600497893,0.5096153846153846,1.054211916694535,-0.9369696324679483
delay 12h,0.1,0.1,7,241,0.02327759166686746,0.18758671032765392,0.5684647302904564,1.2779660755549276,-0.22551572544366894,161,0.011884427891112919,0.01422301606886664,0.515527950310559,1.164173735809308,-0.2303519757385916
drop 20% (after 1h),0.15,,1,211,0.023182525743619085,-0.06922214882247765,0.4786729857819905,1.1620907514327086,-0.3342667163806551,49,-0.01565440232642721,-0.023492644811265416,0.4897959183673469,0.8459641819708251,-0.3383132170305853
drop 20% (after 1h),0.45,0.5,1,211,0.02318241182156712,0.12461805102590849,0.5971563981042654,1.1231218108407885,-0.9460858027784154,49,-0.039076220681105577,0.04569138317376254,0.5306122448979592,0.7165535694696835,-0.939813817030585
delay 24h,0.2,0.1,1,241,0.02317532963611321,0.18741712948493167,0.6597510373443983,1.2555766877566108,-0.44673497005872426,161,-0.006172502009292216,0.00043206511730679593,0.5031055900621118,0.8693858631620139,-0.4391667852959503
drop 15% (after 1h),0.15,0.5,1,217,0.023170352099712167,-0.04499607066339057,0.4792626728110599,1.1612184909478247,-0.4421372681977671,69,-0.018891365911353125,-0.024863078330446715,0.37681159420289856,0.7684855229766719,-0.3383132170305853
drop 30% (after 1h),0.3,,1,188,0.023102967544176237,0.07719125287514245,0.5585106382978723,1.1433580232216212,-0.722997045416352,24,-0.08335590717493561,-0.08156599241581233,0.375,0.5597305696554702,-0.6360648776383081
drop 20% (after 1h),0.15,0.2,1,211,0.02309801858989795,0.024323929117647178,0.5165876777251185,1.1759774560488683,-0.3342667163806551,49,-0.01062856702283251,-0.023492644811265416,0.4897959183673469,0.8954172774085352,-0.3383132170305853
delay 12h,0.1,0.1,1,241,0.02305108520677075,0.07629886956103696,0.5850622406639004,1.3023978474176339,-0.2188198080377313,161,-0.004808333019903869,0.0029285862985756095,0.5031055900621118,0.8929583566572622,-0.21111139308256008
drop 20% (after 4h),0.2,,7,211,0.022898707211639155,-0.389155822545654,0.44075829383886256,1.1035954229582727,-0.5598472659296967,49,0.010040562605926923,-0.030826094212769935,0.46938775510204084,1.0615895667097122,-0.4382137930938384
drop 20% (after 4h),,0.3,1,211,0.02285011531962521,0.12461805102590849,0.6066350710900474,1.1322412836632503,-1.0,49,-0.0026637514165834698,0.04569138317376254,0.5306122448979592,0.9758062929824536,-1.0
drop 20% (after 4h),0.3,0.3,1,211,0.02276958064845062,0.08269430375557213,0.5734597156398105,1.1381011104657224,-0.6285579982005871,49,-0.012264888806989829,0.04569138317376254,0.5306122448979592,0.8975382667800851,-0.6387139930938388
delay 4h,0.2,0.5,3,241,0.022676755748525793,-0.0024167025978755518,0.4979253112033195,1.1281853568080988,-0.5877151130642956,161,0.006646392069975846,0.016912627204081807,0.5527950310559007,1.0862905647312466,-0.4362284812395515
delay 12h,0.45,,3,241,0.02259614069961218,0.10525097526974528,0.5975103734439834,1.115433912093789,-0.944483796602769,161,0.008860552901874047,0.01653060326065421,0.5714285714285714,1.1159594537841566,-0.9257081601339957
delay 1h,0.3,0.3,3,241,0.022560782069295487,0.07269520688642603,0.5726141078838174,1.1090308441568646,-0.6553501388117715,161,0.013390569888320327,0.01906315789473695,0.5714285714285714,1.1808967484329638,-0.6351934205757953
drop 15% (after 4h),0.15,0.3,7,217,0.02244747486697875,-0.3031762622844477,0.4055299539170507,1.1225568942509232,-0.5479148693857494,69,0.04236179309006014,0.019407219242851388,0.5652173913043478,1.3994968809079218,-0.3354690324679483
delay 0.5h,0.45,0.5,7,241,0.022439465669198955,0.09494785785726617,0.5560165975103735,1.072528400122535,-1.0,161,0.01716916611738053,0.01953496803919336,0.5341614906832298,1.155060456744311,-0.9436979062283894
delay 4h,0.1,0.2,3,241,0.02240820777247181,-0.19996804224429746,0.4190871369294606,1.2004934917640186,-0.3571897504514364,161,0.0013533690932466483,0.0020080939779007186,0.5031055900621118,1.0198698777697657,-0.21541873226846656
drop 10% (after 4h),0.2,0.3,3,227,0.02240256430961683,-0.03451430649510717,0.4845814977973568,1.1227589502774877,-0.5473205654012343,104,-0.0005473067276965228,-0.011464334669687014,0.47115384615384615,0.994525848571818,-0.4357191324679484
delay 8h,,0.3,3,241,0.022340749609909685,0.12495552572706946,0.6265560165975104,1.1077791834422313,-1.0,161,-2.3137829112450285e-05,0.009736259195928538,0.5403726708074534,0.9997283291269773,-1.0
drop 15% (after 4h),,0.5,1,217,0.022313207450829067,0.09553867167378906,0.6359447004608295,1.1258422688768943,-1.0,69,-0.01687448107586691,-0.018797362711648644,0.4057971014492754,0.8084224646032603,-1.0
delay 24h,0.45,0.1,3,241,0.022247025148016738,0.19678552020657264,0.7510373443983402,1.1965685279512799,-0.9609742522769014,161,0.008546620920073696,0.029891213785268014,0.5838509316770186,1.135213549691887,-0.9659127341216309
delay 12h,0.15,0.1,1,241,0.022236719766764085,0.1701211568783068,0.6431535269709544,1.2568785469476933,-0.347546917438345,161,-0.006512468915247816,0.00327272727272716,0.5217391304347826,0.8659068305937074,-0.31807439251846076
drop 15% (after 4h),0.2,0.3,1,217,0.022201458062083575,0.038150208047406736,0.5391705069124424,1.1468097159833197,-0.5423873681977669,69,-0.020570798222065294,-0.023471690978655105,0.391304347826087,0.7678359597132804,-0.4357191324679484
drop 15% (after 1h),0.2,,7,217,0.022190786926047857,-0.40021963734131605,0.4055299539170507,1.094874125361536,-0.5570774452163678,69,0.03148412991113591,0.027254668204518405,0.5797101449275363,1.2457966297337522,-0.4385633170305853
drop 30% (after 1h),0.3,,3,188,0.022184055594048173,0.09997459919413351,0.5531914893617021,1.1018019958810914,-0.7779488886106537,24,-0.08356557485071751,0.01320870137871246,0.5,0.6527889549664544,-0.6360648776383081
delay 4h,0.3,0.5,7,241,0.02217086881739513,0.020031788042610008,0.5269709543568465,1.0904893825871775,-0.7232257762030324,161,0.008428097135723353,0.0020036443512674706,0.5031055900621118,1.0744727276876969,-0.6445792014962551
delay 4h,0.3,0.3,1,241,0.02215537835607432,0.07165182808149743,0.6224066390041494,1.143137898695272,-0.628139422111456,161,-0.0052117681005173985,0.0073144035111050495,0.5279503105590062,0.9078254788406304,-0.6367286812395517
drop 10% (after 4h),,,1,227,0.022021606621095587,0.11430166005307592,0.6255506607929515,1.1267658787183423,-1.0,104,-0.006386235389032265,-0.003838895778015456,0.4807692307692308,0.9029331505907502,-1.0
drop 20% (after 4h),,0.5,1,211,0.021978598003353732,0.1053910883251233,0.5971563981042654,1.1255165646386465,-1.0,49,-0.0026637514165834698,0.04569138317376254,0.5306122448979592,0.9758062929824536,-1.0
delay 12h,0.45,0.1,1,241,0.02194488621727281,0.19532395263105334,0.7261410788381742,1.217190872808893,-0.9394359952344055,161,0.003014916919899996,0.008177222859765826,0.5341614906832298,1.073664966566284,-0.9082528999999997
drop 10% (after 4h),0.45,0.5,7,227,0.021939414336073403,0.15090403256172852,0.5859030837004405,1.0755044936117415,-1.0,104,0.020952894741195594,0.04787866750309215,0.5769230769230769,1.142332319875318,-0.9369696324679483
drop 30% (after 4h),0.3,,7,188,0.021901346464257825,0.04411200583658764,0.5106382978723404,1.0820394915968814,-0.781623388907563,24,-0.04816464379788272,0.031300936243184106,0.5416666666666666,0.7958604186735788,-0.6360648776383081
drop 30% (after 4h),0.15,0.5,7,188,0.021830033218709126,-0.3052401469888799,0.35638297872340424,1.1078031282837497,-0.5479148693857494,24,-0.11691126498482256,-0.30581077484161406,0.3333333333333333,0.4271678725732904,-0.31654063792654563
drop 20% (after 4h),,0.3,7,211,0.021788092536156586,0.27695241734334547,0.6208530805687204,1.0783692653521486,-1.0,49,-0.03718569939421765,0.03349892267146678,0.5306122448979592,0.8345671244471072,-1.0
delay 8h,0.15,,7,241,0.02173867282476879,-0.2973331687698387,0.4066390041493776,1.1257703571070525,-0.4816526095906168,161,-0.00862204167132428,-0.022421732355114708,0.453416149068323,0.9169981005217627,-0.3346214128146971
drop 10% (after 4h),0.3,0.1,7,227,0.021693548205171827,0.1980999999999998,0.762114537444934,1.1732370276370654,-0.7816917435956793,104,0.01350058360906173,0.18903200690374272,0.6730769230769231,1.135223164715264,-0.6119335353630959
delay 12h,0.3,0.3,3,241,0.021681044432312044,0.09082590601671325,0.5726141078838174,1.1178153969146276,-0.6832190851710421,161,0.00616345234933233,0.016409414476772022,0.5652173913043478,1.0839593321098553,-0.6249578601339963
drop 30% (after 4h),0.15,0.3,3,188,0.021668401190396064,-0.2936996025063223,0.4308510638297872,1.129877918531364,-0.5479148693857494,24,-0.09897385089019575,-0.30581077484161406,0.2916666666666667,0.5154694163945137,-0.31654063792654563
drop 10% (after 4h),0.1,0.2,1,227,0.02145078006883219,-0.12077789034482792,0.44052863436123346,1.2002330047541852,-0.30725336376543244,104,-0.019621482994384317,-0.01156664623224744,0.41346153846153844,0.7002707561843152,-0.23521893246794912
delay 12h,0.1,0.3,3,241,0.021323045100531818,-0.20463279918375993,0.38589211618257263,1.1782659749043272,-0.35836482535258307,161,-0.005563520749618705,-0.002625859703754599,0.484472049689441,0.9183708191460793,-0.2239574601339962
drop 10% (after 4h),,0.2,3,227,0.02131493900365729,0.32762133749677397,0.6519823788546255,1.107299401716724,-1.0,104,0.002089132902274611,0.0019249157600497893,0.5096153846153846,1.0207254388064002,-1.0
drop 10% (after 4h),0.15,0.2,1,227,0.021228226871589796,0.002193838527027033,0.5110132158590308,1.167161501299712,-0.44707046540123446,104,-0.011719282697154984,-0.00829133417406625,0.4519230769230769,0.8209369530040727,-0.3354690324679483
delay 8h,,0.3,1,241,0.021189766263542086,0.08966310739328319,0.6473029045643154,1.1332652386525857,-1.0,161,-0.010716410484136915,0.005047375596455403,0.5279503105590062,0.8102544001166085,-1.0
delay 8h,0.15,0.5,1,241,0.02117218746819903,0.020588274815960768,0.5228215767634855,1.1729871838156587,-0.4122594332713174,161,-0.01932129918943342,2.916805623153461e-05,0.5031055900621118,0.6783475212790798,-0.3346214128146971
delay 24h,0.3,0.5,7,241,0.021088560358525087,0.036503984061156375,0.5394190871369294,1.0900913007533788,-0.7822010369591061,161,-0.0010707622458853293,0.00962621598553108,0.5279503105590062,0.9908413056252088,-0.6609046991412706
delay 1h,0.2,0.5,7,241,0.021052047517431477,-0.3967611473464724,0.4149377593360996,1.0959562465673853,-0.5468243424308367,161,0.018900052214511878,0.018615038791333867,0.5031055900621118,1.1835739928309394,-0.4346932205757953
drop 15% (after 4h),0.45,0.5,1,217,0.02104929005362791,0.09029398064606754,0.6267281105990783,1.1188314703505582,-0.9433180325565308,69,-0.01465001698658973,-0.018797362711648644,0.4057971014492754,0.8293677705879231,-0.9369696324679483
delay 24h,,0.3,7,241,0.021044985268525405,0.16937440775956297,0.6348547717842323,1.0843073353963861,-1.0,161,0.025969978677323768,0.02827446238907427,0.546583850931677,1.2685087418141856,-1.0
delay 1h,,0.5,7,241,0.021041683709063556,0.12537146580450614,0.5850622406639004,1.0691032884326717,-1.0,161,0.02024105120537679,0.026810526315789764,0.5403726708074534,1.1853191975199462,-1.0
delay 8h,0.2,0.5,3,241,0.021029981647715353,-0.00825673924434985,0.4896265560165975,1.1186011993793892,-0.5876984156896357,161,-0.008937389103774241,0.008217896260895799,0.515527950310559,0.8883795053558099,-0.4480923233333333
delay 1h,0.15,0.3,3,241,0.021015035930570337,-0.2800526293193566,0.43568464730290457,1.1304301319849697,-0.38839373426294793,161,0.012964104433035407,0.014040020115998201,0.5527950310559007,1.187293607068387,-0.33444312057579495
drop 20% (after 1h),0.45,,1,211,0.020986719057007584,0.12461805102590849,0.5971563981042654,1.11146048451705,-0.9460858027784154,49,-0.039076220681105577,0.04569138317376254,0.5306122448979592,0.7165535694696835,-0.939813817030585
delay 12h,0.1,0.5,3,241,0.020981066589619464,-0.2046957460470606,0.36929460580912865,1.1705345110947423,-0.35836482535258307,161,-0.003007787958707207,-0.002625859703754599,0.484472049689441,0.9558690839306418,-0.2239574601339962
drop 15% (after 1h),0.45,0.2,3,217,0.020894239076646826,0.30570089650591836,0.6682027649769585,1.1072934028466601,-0.9598846659676451,69,-0.01368898614987239,0.02920607620221936,0.5652173913043478,0.8838601086046827,-0.939813817030585
drop 30% (after 4h),,0.2,1,188,0.020849980363423667,0.12308479630578796,0.6063829787234043,1.1408127685252043,-1.0,24,-0.07688000942155344,-0.08156599241581233,0.375,0.5979701259999848,-1.0
drop 30% (after 4h),,0.3,3,188,0.020843797542897426,0.17905557619554371,0.6223404255319149,1.0921182684576234,-1.0,24,-0.07155721916335636,0.04706615417806585,0.5416666666666666,0.7471697588609985,-1.0
delay 1h,0.3,,7,241,0.02082755513687074,0.0006805742145219824,0.5020746887966805,1.0805692473326287,-0.7078910161581436,161,0.008474566148392563,0.024655569783451577,0.5279503105590062,1.0729816301386268,-0.644657891628319
delay 4h,0.1,0.2,7,241,0.020772292507572954,-0.20344725567085112,0.4107883817427386,1.1774095562578464,-0.3571897504514364,161,-0.008783910511307077,-0.05157509223647522,0.391304347826087,0.9032039407983323,-0.23148292116828945
delay 12h,0.3,0.1,1,241,0.020720957613694854,0.19398768738601813,0.7095435684647303,1.2094338284121569,-0.6832190851710421,161,0.0004805527066494745,0.007629931334974368,0.5279503105590062,1.011219090278406,-0.6076265877156177
drop 20% (after 1h),0.2,0.3,3,211,0.020713870206215502,-0.08554600473864245,0.46919431279620855,1.1077043747712338,-0.4449163811131185,49,-0.03134294359098096,0.013563500841437402,0.5306122448979592,0.7900232262460903,-0.4385633170305853
drop 15% (after 1h),0.2,0.3,1,217,0.020701759115204662,0.036056804546021434,0.5253456221198156,1.1289587830226802,-0.5423873681977669,69,-0.025991026023132552,-0.024863078330446715,0.37681159420289856,0.7123677643160016,-0.4385633170305853
delay 12h,0.3,0.2,3,241,0.020672000877249394,0.13648216279069758,0.6141078838174274,1.1227267052224996,-0.6832190851710421,161,0.00024456408816272534,0.016409414476772022,0.5652173913043478,1.00333148312608,-0.6249578601339963
drop 20% (after 4h),0.15,0.3,1,211,0.02058990645505832,-0.045633229120452666,0.4881516587677725,1.1465575229193419,-0.34153086317423187,49,-0.0005680605771677639,-0.023492644811265416,0.4897959183673469,0.9941097948302913,-0.3379636930938385
drop 10% (after 4h),0.2,0.5,1,227,0.020530719883016312,0.00539365620736699,0.5198237885462555,1.1386478143620944,-0.5473205654012343,104,-0.02237827295875714,-0.00829133417406625,0.4519230769230769,0.6983511477604291,-0.4357191324679484
delay 8h,0.2,,7,241,0.020520738125346313,-0.07541490110653114,0.46473029045643155,1.102100982532426,-0.5876984156896357,161,-0.013163033098756834,-0.008158849777116594,0.4782608695652174,0.8842629696253239,-0.4480923233333333
delay 24h,0.2,,7,241,0.020487205402319728,-0.09997756063756044,0.47717842323651455,1.1023642264190405,-0.5792784665882074,161,0.006185767696503113,0.005713682307319176,0.515527950310559,1.0579280491685534,-0.44056246580542596
delay 12h,0.1,0.2,1,241,0.02047524341508956,-0.03556681250896602,0.4730290456431535,1.2062197438712015,-0.21988246613901327,161,-0.015346113496995809,-0.002647411607188787,0.4658385093167702,0.708917110112843,-0.2239574601339962
delay 24h,0.15,0.1,7,241,0.02046222779958081,0.1926793302632698,0.6514522821576764,1.204607738012556,-0.39926055835539404,161,0.011339966670159156,0.06121832754361568,0.5590062111801242,1.1427078614281136,-0.34031236580542595
drop 20% (after 4h),0.3,0.5,1,211,0.02045834383176812,0.06356152007046682,0.5639810426540285,1.1214773200400958,-0.6285579982005871,49,-0.012264888806989829,0.04569138317376254,0.5306122448979592,0.8975382667800851,-0.6387139930938388
delay 12h,0.3,0.2,1,241,0.0204560007224403,0.07194599372735169,0.6265560165975104,1.1508013766762233,-0.6832190851710421,161,-0.013919180964156718,-0.0008466858789623556,0.4968944099378882,0.757296410593298,-0.6249578601339963
drop 20% (after 4h),0.1,0.3,1,211,0.02042046338423183,-0.20404523514311276,0.4075829383886256,1.1707508718044757,-0.26320717166550556,49,0.0032807860478225753,-0.03920963992380953,0.46938775510204084,1.0371513513868071,-0.237713593093839
delay 0.5h,0.15,0.5,1,241,0.020403156008700116,-0.05436243590983841,0.45228215767634855,1.1375020379778016,-0.346782254574987,161,-0.0008494362607314456,0.00864943699689317,0.5403726708074534,0.985496689847574,-0.3124064969624998
delay 12h,,0.3,3,241,0.020366986002702057,0.11707212201801431,0.6141078838174274,1.1015557271496332,-1.0,161,0.001950030920951164,0.01653060326065421,0.5714285714285714,1.024648147512537,-1.0
drop 20% (after 4h),0.2,0.2,7,211,0.020341125038121473,0.22725781726982527,0.5497630331753555,1.1144155282394372,-0.4629407706873996,49,-0.043761464407630804,-0.030826094212769935,0.46938775510204084,0.7315638836953741,-0.4382137930938384
delay 8h,0.2,0.2,1,241,0.020330567266835006,0.07179981782026776,0.6058091286307054,1.160701920328629,-0.5125095332713179,161,-0.01888798889398693,0.0020072468920032506,0.515527950310559,0.6879388760109314,-0.4480923233333333
delay 8h,0.15,0.3,3,241,0.02031421380029265,-0.06286586878850042,0.45228215767634855,1.1361627477477467,-0.4816526095906168,161,-0.007236638164095153,0.00021748118551197931,0.5031055900621118,0.9042769862970017,-0.3346214128146971
delay 8h,0.15,0.2,1,241,0.02031381942604918,0.050391594682184335,0.5560165975103735,1.1787560556533034,-0.4122594332713174,161,-0.01828067377029265,0.0013149991857506222,0.5093167701863354,0.6944106648767461,-0.3346214128146971
delay 4h,,0.5,7,241,0.02028700018269994,0.13689269876096768,0.6058091286307054,1.0712589463854407,-1.0,161,0.008953921032741017,0.00994923576236546,0.515527950310559,1.0767160467499868,-1.0
drop 30% (after 4h),0.45,0.5,7,188,0.02028621137790916,0.1272682003368758,0.5691489361702128,1.0670959627911876,-1.0,24,-0.05302523358547129,0.12682332720012335,0.625,0.8060170604603463,-0.936815177638308
drop 20% (after 1h),,0.5,1,211,0.02009713872825012,0.1257325251517958,0.6018957345971564,1.104603982051581,-1.0,49,-0.02711648754223271,0.04569138317376254,0.5306122448979592,0.784621085589582,-1.0
drop 30% (after 1h),0.1,,7,188,0.02006862853378985,-0.20630932422671272,0.26595744680851063,1.1293456101008355,-0.3740901485755085,24,-0.10803327526840809,-0.20586563666335594,0.25,0.297567141697844,-0.216290537926546
drop 10% (after 4h),0.45,0.1,3,227,0.019996011554970716,0.1980999999999998,0.7665198237885462,1.1581080890169402,-0.9475704410108763,104,0.017083041600311807,0.04441270642833117,0.5865384615384616,1.2398253415620348,-0.9197918304963233
delay 0.5h,0.1,,3,241,0.019982435948815457,-0.2063855320619424,0.33195020746887965,1.1496580832368994,-0.24653215457498764,161,0.010397974403891992,0.000164449703711369,0.5031055900621118,1.150379221828651,-0.22058560292000776
drop 10% (after 4h),0.15,0.3,1,227,0.019970074122805114,-0.04761802478407819,0.4801762114537445,1.1462247424914211,-0.44707046540123446,104,-0.01805587481815718,-0.0086884957029966,0.4423076923076923,0.735955653303092,-0.3354690324679483
delay 24h,0.15,0.1,3,241,0.019788522781902497,0.18979170459238875,0.6348547717842323,1.2080502560160378,-0.39926055835539404,161,0.015998573986743637,0.029235416394452894,0.577639751552795,1.290511865603405,-0.3389166852959501
delay 8h,0.45,0.5,1,241,0.019707062707544243,0.07480877496202189,0.6307053941908713,1.124731122655276,-0.945249504367816,161,-0.009062525605773383,0.005047375596455403,0.5279503105590062,0.8349882426725951,-0.9361220128146969
delay 12h,,0.2,3,241,0.019690145140164254,0.18662331586826367,0.6597510373443983,1.1074002977593078,-1.0,161,-0.0029780474247249455,0.01653060326065421,0.5714285714285714,0.9623578521574685,-1.0
drop 30% (after 1h),0.2,,7,188,0.019630394357841092,-0.3996360652277929,0.4148936170212766,1.0847690852921357,-0.5768283474288853,24,-0.13077967342803498,-0.4019345283644092,0.375,0.4609972043112318,-0.43556467763830775
drop 20% (after 4h),0.2,,1,211,0.019616853221931144,0.03052904427697234,0.5308056872037915,1.1285594583641538,-0.4350640402545744,49,-0.00459970543360233,0.010369134229707977,0.5102040816326531,0.9556094140006883,-0.4382137930938384
drop 30% (after 1h),0.15,0.2,1,188,0.019598332614363338,-0.010189050988417825,0.4946808510638298,1.1522197237176306,-0.33832397847953866,24,-0.05235398938679492,-0.10725021566166307,0.3333333333333333,0.6511767047179335,-0.31654063792654563
drop 15% (after 1h),0.45,0.5,1,217,0.019589086207974872,0.08646981281553384,0.6082949308755761,1.1036549690394923,-0.9433180325565308,69,-0.030367201170574693,-0.023471690978655105,0.391304347826087,0.6877869526932883,-0.939813817030585
drop 20% (after 1h),0.15,0.2,7,211,0.019533448561702228,-0.28331809718563633,0.4786729857819905,1.1236305044520927,-0.3626906706873998,49,-0.04674869720212469,-0.10429353053221302,0.42857142857142855,0.6886480212870099,-0.3383132170305853
drop 30% (after 4h),,0.3,7,188,0.019437070447196763,0.2758910875923729,0.6276595744680851,1.0694578083397048,-1.0,24,-0.040088217264203876,0.12682332720012335,0.625,0.862825142466935,-1.0
drop 10% (after 1h),0.1,0.5,7,227,0.019429981050989927,-0.20630177346982306,0.2775330396475771,1.1314902696753821,-0.3466195991598344,104,0.01780424995901145,-0.07312552377823878,0.4326923076923077,1.1761781281780186,-0.23585165326426835
drop 15% (after 1h),0.45,0.2,1,217,0.019369836004344988,0.1651579733132155,0.6451612903225806,1.1133151352506288,-0.9433180325565308,69,-0.02851248195583472,-0.023471690978655105,0.391304347826087,0.7068558005162937,-0.939813817030585
drop 15% (after 4h),0.2,0.3,7,217,0.019364959003299403,-0.19957468736980866,0.4608294930875576,1.0933841510414908,-0.5423873681977669,69,0.03551086458380832,0.030994592873968257,0.5942028985507246,1.2910850960506013,-0.4357191324679484
drop 30% (after 1h),0.15,0.2,3,188,0.01931512716864486,-0.030388135659805512,0.48404255319148937,1.1286876388916989,-0.47434024857550805,24,-0.0885758372595281,-0.3057550805465531,0.3333333333333333,0.5375412246246453,-0.31654063792654563
drop 15% (after 4h),0.15,,7,217,0.01929761077312718,-0.3043732230769228,0.3640552995391705,1.0978028778495286,-0.5479148693857494,69,0.05103177547349315,0.019407219242851388,0.5652173913043478,1.4812599666286919,-0.3354690324679483
drop 30% (after 4h),0.2,0.3,1,188,0.01926153983220076,0.012438984198000314,0.5106382978723404,1.1270477180827354,-0.44487818594972073,24,-0.12138888963105951,-0.14046539542387232,0.2916666666666667,0.3967500361187345,-0.43556467763830775
delay 24h,0.2,0.5,3,241,0.019260886244906232,0.010569188748137094,0.5145228215767634,1.1228548482462342,-0.5792784665882074,161,0.006463981411276653,0.014704889992804686,0.546583850931677,1.094604204688182,-0.4391667852959503
delay 8h,0.3,0.5,3,241,0.019242413449673798,0.0786194003174602,0.5601659751037344,1.096177111818141,-0.7470382508992249,161,0.008058528984401698,0.009736259195928538,0.5403726708074534,1.1043875485606547,-0.6353717128146975
drop 30% (after 4h),,0.1,1,188,0.019217465718613835,0.19475012711656597,0.7074468085106383,1.177282290373853,-1.0,24,-0.09323517805685802,-0.06715854958820194,0.4583333333333333,0.47604880883581263,-1.0
delay 8h,0.3,0.2,1,241,0.01908705497905816,0.08966310739328319,0.6431535269709544,1.139178699847846,-0.7470382508992249,161,-0.007593089783703603,0.006474475914041328,0.5341614906832298,0.8616329434455925,-0.6353717128146975
delay 12h,0.45,0.2,1,241,0.019048800472951155,0.08051923210819875,0.6473029045643154,1.1329628900477855,-0.9429488287391418,161,-0.011420872350978927,0.0029285862985756095,0.5031055900621118,0.7941462923108635,-0.9257081601339957
drop 20% (after 4h),0.15,0.5,1,211,0.018965196599505102,-0.0572549591574673,0.4786729857819905,1.1323424989798618,-0.34153086317423187,49,-0.0005680605771677639,-0.023492644811265416,0.4897959183673469,0.9941097948302913,-0.3379636930938385
delay 8h,0.45,0.2,7,241,0.01896343661803829,0.3722934677105518,0.6804979253112033,1.090558136667571,-0.9464988445065176,161,-0.006065652859590146,0.009457705998181392,0.5341614906832298,0.9478856571587132,-0.9361220128146969
delay 4h,,0.3,1,241,0.018930857286067884,0.09491380749307256,0.6639004149377593,1.1109384416214958,-1.0,161,-0.0018065403610652757,0.007327017790940835,0.5341614906832298,0.9672210584610708,-1.0
delay 24h,0.15,0.5,3,241,0.018819699550157463,-0.041209547579420316,0.4605809128630705,1.133269179236013,-0.47902836658820735,161,0.010430394145879438,0.01447973988345748,0.5403726708074534,1.1648396386997184,-0.3389166852959501
delay 2h,0.2,0.5,7,241,0.01879845925352557,-0.2606002996556088,0.4315352697095436,1.0890199732718586,-0.6423299420138356,161,0.0056067727036634984,-0.00938764965024639,0.4658385093167702,1.0520289158250478,-0.4383159545377814
drop 30% (after 1h),0.2,0.2,1,188,0.018763789191509492,0.05849687229735885,0.5319148936170213,1.13328649183735,-0.44487818594972073,24,-0.08657923541536405,-0.10725021566166307,0.3333333333333333,0.5302589019766213,-0.43556467763830775
delay 12h,0.2,0.1,1,241,0.018755911233053434,0.18758671032765392,0.6721991701244814,1.1989658616689391,-0.44779701743834494,161,-0.004275463574798529,0.007629931334974368,0.5279503105590062,0.9101595165334844,-0.4116115930825596
drop 30% (after 1h),,0.2,1,188,0.01870902699833865,0.1445533964387128,0.6170212765957447,1.119240284575392,-1.0,24,-0.07731597257106725,-0.08156599241581233,0.375,0.5966099810482143,-1.0
drop 20% (after 1h),0.15,0.5,3,211,0.018687428863253332,-0.3012438658022647,0.38388625592417064,1.1043744531773994,-0.45716105585862477,49,-0.013102140251083047,0.01017971557400484,0.5102040816326531,0.8960947792343742,-0.3383132170305853
drop 20% (after 4h),0.1,0.5,7,211,0.018666668595422153,-0.2061140979591841,0.26066350710900477,1.1208521724421578,-0.40023981306166,49,-0.003384293559538051,-0.19988303066957994,0.3469387755102041,0.9725735509451675,-0.2884775539946992
delay 12h,0.15,0.2,1,241,0.018593288008213974,0.018089714507294692,0.5394190871369294,1.1586230868713876,-0.347546917438345,161,-0.016065309304623163,-0.0011093370418005376,0.4906832298136646,0.7180746742178324,-0.3242075601339959
delay 8h,0.2,0.2,7,241,0.01858378653619222,0.07141803357047884,0.5477178423236515,1.112278561409594,-0.5876984156896357,161,-0.0123389864846657,-0.0010772269050988738,0.4906832298136646,0.8879133757926911,-0.4480923233333333
delay 4h,0.1,0.2,1,241,0.01857031140914492,-0.03901700571123578,0.4730290456431535,1.1853111133486,-0.3571897504514364,161,-0.003500815663852236,-0.002134842273957986,0.4968944099378882,0.9269455352479253,-0.21189249700496546
drop 15% (after 1h),0.1,0.5,7,217,0.01856565964604647,-0.20639917977988248,0.25806451612903225,1.1201100078960853,-0.3082125991301828,69,0.03543619256763905,-0.04221263496291883,0.4782608695652174,1.3634518907148734,-0.22092273959222908
delay 12h,0.15,0.3,3,241,0.018563628562554942,-0.04780567433282226,0.4605809128630705,1.1252325106637722,-0.45916965000982096,161,-0.00029123203812565454,0.010106287422285934,0.5341614906832298,0.9958564517144941,-0.3242075601339959
drop 20% (after 4h),0.3,0.2,7,211,0.018539371723264884,0.37314909007588515,0.6208530805687204,1.089689306607091,-0.6589201389650946,49,-0.05731131145324806,0.03299572317276064,0.5102040816326531,0.7026032532611084,-0.6387139930938388
delay 12h,0.2,0.2,7,241,0.018490835093388284,0.06390890645197894,0.5601659751037344,1.113394519780219,-0.46626584157835377,161,-0.00031009884247750245,0.01422301606886664,0.515527950310559,0.9970582802240349,-0.44196988031436435
delay 4h,0.45,0.3,1,241,0.018472252911637243,0.0939195002231146,0.6556016597510373,1.1093160957573327,-0.9369449041163023,161,-0.00025156030180374883,0.007327017790940835,0.5341614906832298,0.9953030175095506,-0.9374789812395514
delay 4h,,0.5,1,241,0.018388425574573253,0.09001498854293041,0.6597510373443983,1.1072878242975102,-1.0,161,-0.00140354496337362,0.007327017790940835,0.5341614906832298,0.9745332463679066,-1.0
delay 8h,0.15,0.2,7,241,0.01835379208732438,-0.007941467682441585,0.4896265560165975,1.1266286930353955,-0.4816526095906168,161,-0.009335366431510277,-0.015727570632561153,0.4658385093167702,0.9074296399253405,-0.3346214128146971
drop 10% (after 4h),0.1,0.5,3,227,0.0183288828221407,-0.2056712633229061,0.3392070484581498,1.1383871079713264,-0.30725336376543244,104,-0.0007478096088840819,-0.03593066410899938,0.4230769230769231,0.9911276873011121,-0.23521893246794912
drop 15% (after 4h),0.15,0.5,1,217,0.01828816367042588,-0.024591858548721746,0.48847926267281105,1.129773820663056,-0.4421372681977671,69,-0.015780459914134324,-0.024863078330446715,0.37681159420289856,0.8065653557852099,-0.3354690324679483
delay 2h,0.15,,7,241,0.01828358032033078,-0.3026142226577328,0.3651452282157676,1.0999544808140214,-0.5420798420138355,161,0.0022808964944190375,-0.021283100166909832,0.43478260869565216,1.0225944370178386,-0.3380658545377813
drop 20% (after 4h),0.45,0.2,1,211,0.018271869116637456,0.15303237722647303,0.6255924170616114,1.1148406143016902,-0.9460858027784154,49,-0.008430477812691588,0.04569138317376254,0.5306122448979592,0.9320260952431958,-0.939464293093838
drop 10% (after 4h),,0.1,1,227,0.018250309976337028,0.1974046087501512,0.7533039647577092,1.154505770674811,-1.0,104,0.008564575685645613,0.007099532067097006,0.5192307692307693,1.164492046906514,-1.0
drop 15% (after 4h),,0.5,7,217,0.018186454667992225,0.15801828804878032,0.5898617511520737,1.0606284979532763,-1.0,69,0.05000237317867156,0.04320414102806549,0.6376811594202898,1.3420469252015716,-1.0
delay 0.5h,0.15,0.3,7,241,0.01813776634397321,-0.3010439398086662,0.3983402489626556,1.1066752100287716,-0.34627910499483594,161,0.012816755703243022,-0.007234711426152993,0.4720496894409938,1.139488764996948,-0.33307618147315027
drop 15% (after 4h),,,1,217,0.018118312915878634,0.09198859003598124,0.6359447004608295,1.1021838572773628,-1.0,69,-0.01687448107586691,-0.018797362711648644,0.4057971014492754,0.8084224646032603,-1.0
drop 20% (after 1h),0.45,0.2,1,211,0.01808491861346718,0.1665960910529468,0.6303317535545023,1.1058370386165273,-0.9460858027784154,49,-0.03432988062255246,0.04569138317376254,0.5306122448979592,0.7509820050816883,-0.939813817030585
delay 0.5h,0.15,0.3,1,241,0.01796596072346461,-0.03168632991875654,0.46473029045643155,1.124437968526904,-0.34627910499483594,161,0.0033321756547525635,0.00864943699689317,0.5403726708074534,1.056893706140618,-0.3124064969624998
drop 10% (after 4h),,0.1,3,227,0.017937711291846244,0.1980999999999998,0.7709251101321586,1.1393193672020923,-1.0,104,0.015416969238563845,0.04441270642833117,0.5865384615384616,1.2114890363661417,-1.0
delay 4h,0.45,0.5,1,241,0.017929821200142613,0.08349979224376752,0.6514522821576764,1.1056368896688447,-0.9369449041163023,161,0.0001514350958879067,0.007327017790940835,0.5341614906832298,1.0028275049311233,-0.9374789812395514
drop 20% (after 1h),,,1,211,0.017901445963690584,0.1257325251517958,0.6018957345971564,1.0931755787529602,-1.0,49,-0.02711648754223271,0.04569138317376254,0.5306122448979592,0.784621085589582,-1.0
delay 24h,0.15,0.2,7,241,0.017835070360663334,0.000712482469430226,0.5020746887966805,1.1222523578458725,-0.47902836658820735,161,0.013640696266404715,0.005713682307319176,0.515527950310559,1.1471322850196193,-0.34031236580542595
delay 8h,0.45,0.3,3,241,0.017828561864218443,0.1206838246954516,0.6141078838174274,1.0855105891366659,-0.9464988445065176,161,0.002634928586325592,0.009736259195928538,0.5403726708074534,1.0319344492300306,-0.9361220128146969
drop 20% (after 1h),0.3,0.3,3,211,0.01780802498111015,0.057417017151134606,0.5450236966824644,1.0813393657666894,-0.6454165811131191,49,-0.04065879221111153,0.018409280190159676,0.5714285714285714,0.7647672133585501,-0.6390635170305858
drop 15% (after 1h),0.3,,7,217,0.01778311475369841,-0.010054926051848878,0.4930875576036866,1.0628883799627193,-0.7778929810685807,69,0.027350022571086128,0.034456524098133906,0.6086956521739131,1.1743700431337567,-0.6390635170305858
delay 1h,0.1,,7,241,0.01774157687025179,-0.2063016225613531,0.2821576763485477,1.1244333398435993,-0.30700332207420145,161,-0.0014123349145267593,-0.05088718258942068,0.39751552795031053,0.9846969330570445,-0.2341930205757954
drop 20% (after 1h),0.3,0.2,1,211,0.017724078810616762,0.15303237722647303,0.6018957345971564,1.1088551692257493,-0.6295736827376427,49,-0.0190601992533319,0.04569138317376254,0.5306122448979592,0.8445224938648501,-0.6390635170305858
drop 15% (after 4h),0.3,0.2,1,217,0.017719268352078654,0.11415717866093798,0.6221198156682027,1.114315618084703,-0.7778929810685807,69,-0.03407605492223052,-0.023471690978655105,0.391304347826087,0.6763178525069633,-0.6362193324679486
drop 10% (after 4h),0.1,0.5,1,227,0.017715792635096688,-0.20017149643468643,0.4008810572687225,1.1534539945181517,-0.30725336376543244,104,-0.019179687615386513,-0.01156664623224744,0.41346153846153844,0.7070194303240922,-0.23521893246794912
drop 15% (after 1h),0.2,0.2,1,217,0.017702285665958165,0.07305002916188776,0.5529953917050692,1.1179321268070321,-0.5423873681977669,69,-0.025799583903951318,-0.024863078330446715,0.37681159420289856,0.7144863772824604,-0.4385633170305853
drop 30% (after 4h),0.2,0.3,3,188,0.017664681588094963,-0.007156881900385902,0.4946808510638298,1.092982019565727,-0.5768283474288853,24,-0.11317005817040864,-0.3888707595855038,0.3333333333333333,0.5351643559784957,-0.43556467763830775
drop 20% (after 4h),0.2,0.2,1,211,0.017654361371169318,0.08269430375557213,0.5639810426540285,1.1241588053205827,-0.4350640402545744,49,0.0038372701090066594,0.010369134229707977,0.5102040816326531,1.0370325168068524,-0.4382137930938384
delay 4h,0.3,0.2,7,241,0.017584589381258592,0.27464172637506473,0.6224066390041494,1.0919259721869365,-0.6618507259998072,161,0.0028891646966993922,0.00994923576236546,0.515527950310559,1.0260588177839465,-0.6445792014962551
drop 20% (after 1h),0.15,0.3,3,211,0.017565642872537875,-0.2995466908168778,0.41232227488151657,1.103080250869417,-0.45716105585862477,49,-0.019739813314135362,0.01017971557400484,0.5102040816326531,0.8434553728649083,-0.3383132170305853
drop 10% (after 4h),0.2,,7,227,0.017557440663070318,-0.38245966255782265,0.43612334801762115,1.080788953607222,-0.5473205654012343,104,0.010542332891424097,0.019945377548390424,0.5192307692307693,1.0752006128642297,-0.4357191324679484
drop 20% (after 4h),0.45,,1,211,0.01754034459778226,0.09129402128359548,0.5924170616113744,1.1013805347588184,-0.9460858027784154,49,-0.016587958110258996,0.04569138317376254,0.5306122448979592,0.8662533358430593,-0.939464293093838
drop 10% (after 4h),0.1,0.1,7,227,0.01751492476613682,0.18226539568723465,0.5550660792951542,1.1954498485597311,-0.30725336376543244,104,0.012477472157793174,0.058297283576730106,0.5384615384615384,1.1550385895146358,-0.2127826130497963
delay 8h,,0.5,1,241,0.01738731314621781,0.07708396848292506,0.6348547717842323,1.1079681947808324,-1.0,161,-0.010619822692210618,0.005047375596455403,0.5279503105590062,0.8119645910940442,-1.0
drop 15% (after 1h),0.45,,1,217,0.017381932338620683,0.08646981281553384,0.6082949308755761,1.091975891028178,-0.9433180325565308,69,-0.030367201170574693,-0.023471690978655105,0.391304347826087,0.6877869526932883,-0.939813817030585
delay 4h,0.1,0.1,3,241,0.017278165223002833,0.1608054363473573,0.5560165975103735,1.2035657778153155,-0.2468818785675764,161,0.008638608095035697,0.015290478509036125,0.5403726708074534,1.1413811588779252,-0.21541873226846656
delay 24h,0.15,0.2,3,241,0.01726872092014687,-0.010138387610814892,0.4979253112033195,1.1329035847880593,-0.47902836658820735,161,0.017462196598483134,0.014704889992804686,0.546583850931677,1.2768539468304494,-0.3389166852959501
drop 20% (after 4h),0.3,0.2,1,211,0.017264860166009113,0.128518649979483,0.6018957345971564,1.1126460166190966,-0.6285579982005871,49,-0.004107408509422421,0.04569138317376254,0.5306122448979592,0.9656864239423187,-0.6387139930938388
delay 2h,0.15,0.1,3,241,0.017247803189950808,0.19131068827004205,0.6390041493775933,1.1715880839864483,-0.5420798420138355,161,0.008001456301696104,0.01604328223624881,0.5403726708074534,1.124551454085339,-0.3207340271121804
drop 30% (after 4h),0.2,0.2,7,188,0.017238955375375353,0.2081611195301144,0.5425531914893617,1.094532791253362,-0.5768283474288853,24,-0.08969506535460803,-0.3888707595855038,0.4166666666666667,0.6026274550913122,-0.43556467763830775
drop 30% (after 4h),0.15,0.5,1,188,0.01720714577374509,-0.042631847437645094,0.46808510638297873,1.1250531386348868,-0.33832397847953866,24,-0.08298655610249038,-0.14046539542387232,0.2916666666666667,0.49032509313664213,-0.31654063792654563
delay 12h,0.3,0.5,3,241,0.017138514852404127,0.05835888485892655,0.5601659751037344,1.0913616437203562,-0.6832190851710421,161,0.010563230673853773,0.016409414476772022,0.5652173913043478,1.1438936722525603,-0.6249578601339963
drop 10% (after 4h),0.2,0.2,3,227,0.017138093988775957,0.10659868212139442,0.5286343612334802,1.1043597485530374,-0.5473205654012343,104,-0.00402980188256851,-0.008620262435619315,0.4807692307692308,0.958850382755668,-0.4357191324679484
delay 0.5h,,0.3,7,241,0.017101965886197286,0.24054345803082997,0.6182572614107884,1.0622574494232067,-1.0,161,0.0062128236166198334,0.01953496803919336,0.5341614906832298,1.0552525137121138,-1.0
drop 10% (after 4h),0.15,0.1,7,227,0.017054041731899817,0.19512917932564333,0.6387665198237885,1.1604644161675277,-0.44707046540123446,104,0.01767510832243116,0.12184545871556923,0.6153846153846154,1.202466654988793,-0.3130327130497964
delay 12h,0.2,0.2,1,241,0.01702279961631652,0.048735405015615275,0.5850622406639004,1.134070642448707,-0.44779701743834494,161,-0.015062021304487874,-0.0008466858789623556,0.4968944099378882,0.742500395379486,-0.42445766013399605
drop 15% (after 4h),0.45,0.2,7,217,0.01693293685967801,0.38421276799918663,0.6682027649769585,1.0743210206183653,-0.9620628364319158,69,0.025089023050298948,0.0848921968085922,0.6521739130434783,1.1825147498968,-0.9369696324679483
delay 12h,0.15,0.5,3,241,0.016917578307475867,-0.09337574198460336,0.44398340248962653,1.1103236624241994,-0.45916965000982096,161,0.003922400462103076,0.010106287422285934,0.5341614906832298,1.0558065514165798,-0.3242075601339959
drop 20% (after 4h),,0.5,7,211,0.01691018943068558,0.17076278578652535,0.5876777251184834,1.0557178219904468,-1.0,49,-0.025539487262619332,0.03349892267146678,0.5306122448979592,0.8863791487902312,-1.0
drop 30% (after 1h),0.15,0.2,7,188,0.016904376892787985,-0.29697680557233286,0.4787234042553192,1.1044718642137146,-0.47434024857550805,24,-0.0719569799197684,-0.3057550805465531,0.375,0.6239673125149794,-0.31654063792654563
delay 4h,0.1,0.3,1,241,0.016892858590565257,-0.12999513524115777,0.43983402489626555,1.1575188812603898,-0.3571897504514364,161,-0.006720115392177613,-0.0024109040505158,0.4906832298136646,0.8633940375119373,-0.21189249700496546
delay 24h,0.3,0.3,3,241,0.01687563171641582,0.04732333520000007,0.5684647302904564,1.0959727513802597,-0.7822010369591061,161,0.010410595690924437,0.01866859848484825,0.5527950310559007,1.1440181170657098,-0.6609046991412706
drop 10% (after 1h),0.15,0.3,7,227,0.016856531244399394,-0.30360010135112736,0.4008810572687225,1.0950543532414807,-0.44707046540123446,104,0.006243309316676163,-0.015064145742657718,0.5,1.0525495874236626,-0.3361017532642684
drop 15% (after 4h),0.45,,1,217,0.016854395518677477,0.08646981281553384,0.6267281105990783,1.0951496509502994,-0.9433180325565308,69,-0.01465001698658973,-0.018797362711648644,0.4057971014492754,0.8293677705879231,-0.9369696324679483
delay 12h,0.1,0.3,7,241,0.01673683481681824,-0.20505208235134886,0.34439834024896265,1.127369010848102,-0.35836482535258307,161,-0.011852010121569567,-0.046921308388451245,0.40993788819875776,0.8700850580216218,-0.2303519757385916
delay 4h,0.3,0.3,3,241,0.016732533204149486,0.09257745633443448,0.5684647302904564,1.08236392016587,-0.6371265017425521,161,0.013129555861314417,0.01789810309212144,0.5652173913043478,1.1717176381402488,-0.6367286812395517
drop 15% (after 1h),0.15,,1,217,0.016720976933670587,-0.05560284199077138,0.47465437788018433,1.115215276358801,-0.4421372681977671,69,-0.018891365911353125,-0.024863078330446715,0.37681159420289856,0.7684855229766719,-0.3383132170305853
delay 12h,0.15,0.2,3,241,0.01671276918882816,0.0014921620338984275,0.5020746887966805,1.1234783090169875,-0.44745583053475924,161,-0.00347622662235117,0.010106287422285934,0.5341614906832298,0.9505414550068891,-0.3242075601339959
drop 20% (after 4h),0.1,0.5,1,211,0.016642715658122875,-0.20406802193369014,0.3981042654028436,1.1369813236899053,-0.26320717166550556,49,0.0032807860478225753,-0.03920963992380953,0.46938775510204084,1.0371513513868071,-0.237713593093839
drop 10% (after 4h),0.2,,1,227,0.016624273747924755,0.00539365620736699,0.5198237885462555,1.1122668485878868,-0.5473205654012343,104,-0.02237827295875714,-0.00829133417406625,0.4519230769230769,0.6983511477604291,-0.4357191324679484
delay 1h,0.2,0.3,7,241,0.016605011678993732,-0.062344824667311824,0.46473029045643155,1.0838882070518203,-0.4886438342629481,161,0.006209891393742565,0.018615038791333867,0.5031055900621118,1.0603159475570396,-0.4346932205757953
delay 12h,0.1,0.2,3,241,0.01656490326681026,-0.20098499911930048,0.4190871369294606,1.1478753143732818,-0.34170941759572226,161,-0.007499696916838715,-0.002625859703754599,0.484472049689441,0.8899628232686692,-0.2239574601339962
delay 0.5h,0.1,0.3,3,241,0.01653712725215745,-0.20630656606454903,0.35684647302904565,1.12889245642545,-0.2460290049948362,161,0.013200854090217623,0.006565862073076554,0.5093167701863354,1.1946138257720587,-0.22058560292000776
delay 1h,0.15,0.3,1,241,0.016523939692726745,-0.019761389265731493,0.4730290456431535,1.118745024380521,-0.38839373426294793,161,0.005088394257498045,0.010739516417001459,0.546583850931677,1.0956539047959892,-0.33444312057579495
delay 24h,0.2,0.2,3,241,0.016513750542462083,0.04606298706556082,0.5435684647302904,1.1138393104852309,-0.5792784665882074,161,0.013495783863880348,0.01866859848484825,0.5527950310559007,1.1981054394241493,-0.4391667852959503
delay 0.5h,0.1,0.5,1,241,0.01648476913796465,-0.20609008935135142,0.3817427385892116,1.1367249437907583,-0.24653215457498764,161,0.006142025455090938,0.00864943699689317,0.5403726708074534,1.1190846299087795,-0.21109792247442802
delay 4h,0.1,0.5,3,241,0.016437852130684404,-0.20488962376851147,0.35269709543568467,1.1309652030359862,-0.3571897504514364,161,-0.002062807432036776,-0.0009870430372019502,0.4906832298136646,0.9708053655523617,-0.21541873226846656
delay 12h,,0.1,1,241,0.01642048683848636,0.19532395263105334,0.7261410788381742,1.1540903283616009,-1.0,161,0.0024450591559248384,0.008177222859765826,0.5341614906832298,1.058920955120266,-1.0
delay 8h,0.1,0.5,7,241,0.016395932302899666,-0.2043420353962107,0.3112033195020747,1.1198409626073782,-0.3814025095906174,161,-0.02146984606514497,-0.06943303211665844,0.38509316770186336,0.7759012294963814,-0.22885002021877227
drop 15% (after 4h),0.15,0.2,1,217,0.01638500013726539,0.031047778778848272,0.5207373271889401,1.125114759735078,-0.4421372681977671,69,-0.0059575577290742745,-0.023471690978655105,0.391304347826087,0.9227873468052815,-0.3354690324679483
drop 15% (after 1h),0.45,0.5,3,217,0.016365758081640314,0.08200119615429122,0.5852534562211982,1.066369375330462,-0.9598846659676451,69,0.0010994749812997767,0.020588207563431302,0.5507246376811594,1.0092703956489228,-0.939813817030585
drop 20% (after 4h),,0.2,1,211,0.016322394437482814,0.15303237722647303,0.6303317535545023,1.1010024694248293,-1.0,49,0.005493728880983939,0.04569138317376254,0.5306122448979592,1.049897173644992,-1.0
delay 24h,0.2,,3,241,0.01617859287232484,0.010569188748137094,0.5145228215767634,1.1031945543363937,-0.5792784665882074,161,0.006463981411276653,0.014704889992804686,0.546583850931677,1.094604204688182,-0.4391667852959503
delay 12h,0.1,,3,241,0.016121865374694174,-0.2046957460470606,0.3651452282157676,1.1301788343387582,-0.35836482535258307,161,-0.0032009642845741114,-0.002625859703754599,0.484472049689441,0.9530347590578594,-0.2239574601339962
drop 10% (after 4h),0.1,0.1,3,227,0.016080887265004593,0.1818284489121455,0.5506607929515418,1.1800763718764737,-0.30725336376543244,104,0.0022288102147187618,-0.002997212413503806,0.5,1.03209106883048,-0.2127826130497963
delay 8h,0.15,,1,241,0.01605085670737846,0.01580584115868212,0.5186721991701245,1.1293844500685506,-0.4122594332713174,161,-0.01932129918943342,2.916805623153461e-05,0.5031055900621118,0.6783475212790798,-0.3346214128146971
drop 20% (after 4h),,,1,211,0.01599820660577042,0.10141082905677297,0.5971563981042654,1.0913634224179902,-1.0,49,-0.0026637514165834698,0.04569138317376254,0.5306122448979592,0.9758062929824536,-1.0
drop 20% (after 1h),0.45,0.2,3,211,0.015944130914380746,0.29138102638510144,0.6635071090047393,1.0798853496984477,-0.9628621632446133,49,-0.10940574918648588,0.018409280190159676,0.5714285714285714,0.4919270404777646,-0.939813817030585
delay 4h,0.1,0.1,7,241,0.015896669393747325,0.17462495701572833,0.5518672199170125,1.1816443012987474,-0.2468818785675764,161,0.0043064431126282705,-0.004735358877578494,0.484472049689441,1.0573302168847019,-0.23148292116828945
drop 10% (after 4h),0.45,0.3,3,227,0.01588192752901685,0.14821790911525784,0.6035242290748899,1.069963154223991,-0.9475704410108763,104,0.01260144900440041,-0.002997212413503806,0.5,1.1264592989039974,-0.9369696324679483
delay 12h,,0.5,3,241,0.015880454798733016,0.10820516027424473,0.6016597510373444,1.0771729517436601,-1.0,161,0.0063498092454726054,0.01653060326065421,0.5714285714285714,1.0802607965224158,-1.0
drop 30% (after 4h),0.15,0.2,1,188,0.01586241967748262,-0.0023496677701875636,0.5,1.1240498187447496,-0.33832397847953866,24,-0.05235393235124481,-0.10725021566166307,0.3333333333333333,0.6511769521752822,-0.31654063792654563
delay 8h,0.1,0.3,1,241,0.015856495514074958,-0.047813147421287124,0.44398340248962653,1.155909865679498,-0.2722582990697676,161,-0.01445297455358272,-0.004653846153846098,0.4906832298136646,0.7350926821406123,-0.2160529892401905
drop 30% (after 1h),0.3,0.1,1,188,0.01576304965178486,0.19395780603953866,0.675531914893617,1.1458997393057024,-0.722997045416352,24,-0.09133489380294353,-0.06715854958820194,0.4583333333333333,0.4811873973464986,-0.6360648776383081
delay 24h,0.15,,3,241,0.01573740617757607,-0.041209547579420316,0.4605809128630705,1.1114423319564513,-0.47902836658820735,161,0.010430394145879438,0.01447973988345748,0.5403726708074534,1.1648396386997184,-0.3389166852959501
delay 4h,0.45,0.3,7,241,0.015727698050468784,0.19065313811217516,0.6224066390041494,1.059900527292333,-1.0,161,0.006825491623763912,0.00994923576236546,0.515527950310559,1.060523596903067,-0.9374789812395514
drop 15% (after 1h),,0.3,3,217,0.015699281972734555,0.15322481993703885,0.6221198156682027,1.0662386587130777,-1.0,69,-0.010350988245115695,0.020588207563431302,0.5507246376811594,0.9170542741389321,-1.0
delay 4h,0.3,0.5,1,241,0.015683055460012012,0.05902777871886785,0.6141078838174274,1.099225481152984,-0.628139422111456,161,-0.004808772702825742,0.0073144035111050495,0.5279503105590062,0.914952792852927,-0.6367286812395517
delay 8h,0.15,0.1,3,241,0.015676064597832856,0.19340469362574206,0.6182572614107884,1.1568244148994076,-0.4122594332713174,161,0.003493285390829208,0.01600640026177422,0.546583850931677,1.053253096871336,-0.3346214128146971
delay 1h,0.1,0.3,1,241,0.015596172673218087,-0.2039523807213534,0.4024896265560166,1.1371127097450566,-0.2258404390671852,161,0.009194138179985824,0.00923117703406454,0.5403726708074534,1.1880428960261984,-0.2341930205757954
drop 15% (after 4h),0.45,0.5,7,217,0.015580908443392204,0.14754041918560087,0.576036866359447,1.052780514343339,-1.0,69,0.05582263057094448,0.04320414102806549,0.6376811594202898,1.3976949375877026,-0.9369696324679483
delay 4h,,,1,241,0.015526051186355996,0.09001498854293041,0.6597510373443983,1.0905872144931892,-1.0,161,-0.00140354496337362,0.007327017790940835,0.5341614906832298,0.9745332463679066,-1.0
drop 10% (after 4h),0.3,0.1,3,227,0.015515513497433579,0.19801056985901794,0.7312775330396476,1.1246880172824476,-0.7816917435956793,104,0.010127273765454055,0.04294032193914818,0.5769230769230769,1.1329421837562978,-0.609179747466912
delay 0.5h,0.1,0.3,1,241,0.015504329164287508,-0.20541831403937177,0.3941908713692946,1.1316097422225992,-0.2460290049948362,161,0.010323637370574946,0.00864943699689317,0.5403726708074534,1.2001597916805054,-0.21109792247442802
drop 10% (after 1h),0.1,0.3,7,227,0.01549072759710939,-0.20626752675933296,0.31718061674008813,1.111600278554249,-0.30725336376543244,104,0.007879700096856622,-0.07312552377823878,0.4326923076923077,1.0779718784483652,-0.23585165326426835
delay 8h,0.15,0.5,3,241,0.015437851515319961,-0.101425766871166,0.4315352697095436,1.0993730805570712,-0.4816526095906168,161,-0.007258975208070489,0.00021748118551197931,0.5031055900621118,0.9039815218675178,-0.3346214128146971
delay 0.5h,0.15,,1,241,0.01541318236547455,-0.05436243590983841,0.45228215767634855,1.1038733412650745,-0.346782254574987,161,-0.0008494362607314456,0.00864943699689317,0.5403726708074534,0.985496689847574,-0.3124064969624998
delay 48h,0.3,0.5,7,241,0.01540730252163305,0.04020864885455461,0.5311203319502075,1.0685336313493923,-0.7018232075983458,161,-0.00020594595763977555,0.007898169919632818,0.5093167701863354,0.998077524612479,-0.6285870990727567
drop 30% (after 4h),0.2,0.1,3,188,0.015385869407659958,0.1971084117225076,0.6914893617021277,1.133240797655724,-0.44487818594972073,24,-0.10568754274062364,-0.1091247933619973,0.5,0.4541220709048124,-0.43556467763830775
delay 8h,,0.2,7,241,0.015256889332055708,0.37298130053513134,0.6887966804979253,1.0704455953380712,-1.0,161,-0.010091539431224525,0.009457705998181392,0.5341614906832298,0.9161951466511289,-1.0
drop 15% (after 4h),0.15,0.3,3,217,0.015231918697387837,-0.3012438658022647,0.4423963133640553,1.0910257179717546,-0.5479148693857494,69,0.011774836618920485,7.804260836201393e-05,0.5072463768115942,1.1284633201085914,-0.3354690324679483
drop 15% (after 1h),0.15,,3,217,0.015224006187371067,-0.3029202407095448,0.391705069124424,1.084012892732995,-0.4421372681977671,69,0.01984410758061588,7.804260836201393e-05,0.5072463768115942,1.2211139033779501,-0.3383132170305853
drop 15% (after 4h),,0.2,1,217,0.015133345047524852,0.14835306504620832,0.6682027649769585,1.090664553578911,-1.0,69,-0.013708034009016679,-0.018797362711648644,0.4057971014492754,0.8443714293331424,-1.0
delay 4h,0.45,,1,241,0.015067446811925355,0.08349979224376752,0.6514522821576764,1.088772676464274,-0.9369449041163023,161,0.0001514350958879067,0.007327017790940835,0.5341614906832298,1.0028275049311233,-0.9374789812395514
delay 12h,0.15,0.2,7,241,0.015056933281262267,-0.005960380287889689,0.4979253112033195,1.1035903856883587,-0.44745583053475924,161,0.0008718950526028458,-0.010485675042949448,0.4906832298136646,1.0090876380158311,-0.3306020757385912
delay 0.5h,0.15,0.3,3,241,0.014981035485647103,-0.29112525144988055,0.42738589211618255,1.0913628441023067,-0.34627910499483594,161,0.011216783564180627,0.01137120270887871,0.5403726708074534,1.1544569597133216,-0.32083570292000707
drop 30% (after 4h),0.2,0.1,7,188,0.014951726857045591,0.19792023233193745,0.7021276595744681,1.1244761826385314,-0.44487818594972073,24,-0.10698771397506208,-0.051010930300702084,0.5,0.4455284054542212,-0.43556467763830775
drop 10% (after 4h),0.15,0.1,3,227,0.0147600289966122,0.19325686344420587,0.6255506607929515,1.1412879996166045,-0.44707046540123446,104,0.009217845499071793,0.03697308101565353,0.5480769230769231,1.1279667197333962,-0.3130327130497964
drop 30% (after 4h),0.15,,1,188,0.014756071925927016,-0.042631847437645094,0.46808510638297873,1.1072399299990174,-0.33832397847953866,24,-0.08298655610249038,-0.14046539542387232,0.2916666666666667,0.49032509313664213,-0.31654063792654563
delay 0.5h,0.1,0.3,7,241,0.014754916726048643,-0.2063855320619424,0.3236514522821577,1.1106675783700086,-0.2460290049948362,161,-0.003497972901000906,-0.048076002055522746,0.391304347826087,0.9618311781695378,-0.2315090061538463
drop 20% (after 1h),0.2,0.2,3,211,0.014753412048333676,0.06857749075940878,0.5402843601895735,1.0886659363358324,-0.4449163811131185,49,-0.05606999184963139,0.013563500841437402,0.5306122448979592,0.6243685294325243,-0.4385633170305853
delay 4h,0.1,0.1,1,241,0.01475080351996401,0.06527563036750281,0.5643153526970954,1.1812685330556763,-0.2468818785675764,161,0.004479631084382897,0.007048449612403007,0.5217391304347826,1.1046110498394082,-0.21189249700496546
delay 12h,0.15,0.3,7,241,0.014693662855180036,-0.29793444223650356,0.4315352697095436,1.0883853017559446,-0.45916965000982096,161,0.002432041731586284,-0.0120443987795209,0.484472049689441,1.0250995928548337,-0.3306020757385912
drop 20% (after 1h),,0.2,1,211,0.014617006179423239,0.1665960910529468,0.6350710900473934,1.0834802904276184,-1.0,49,-0.02237014748367959,0.04569138317376254,0.5306122448979592,0.822319978841952,-1.0
delay 24h,0.3,,7,241,0.014612337488439089,0.03639750575910453,0.5352697095435685,1.0617898387824822,-0.7822010369591061,161,-0.0017950499005418338,0.00962621598553108,0.5279503105590062,0.9846461588557702,-0.6609046991412706
delay 8h,0.15,0.1,7,241,0.014520725072684223,0.1948767458479252,0.6224066390041494,1.1400556196191165,-0.4122594332713174,161,0.004444770793034915,0.025182387655285007,0.546583850931677,1.0541193356490268,-0.3346214128146971
delay 8h,0.1,0.5,1,241,0.014505470377658087,-0.08321633342324462,0.43568464730290457,1.1404127514260018,-0.2722582990697676,161,-0.014356386761656422,-0.004653846153846098,0.4906832298136646,0.7368630314069378,-0.2160529892401905
drop 20% (after 4h),0.3,,1,211,0.014477952434184807,0.06264898377947384,0.5639810426540285,1.085967020392029,-0.6285579982005871,49,-0.012264888806989829,0.04569138317376254,0.5306122448979592,0.8975382667800851,-0.6387139930938388
drop 10% (after 4h),0.15,0.1,1,227,0.014451184501707987,0.18964617555917038,0.6211453744493393,1.1466625226318374,-0.44707046540123446,104,0.0021823273745918224,0.00010974545000069606,0.5,1.0400268492398916,-0.3068646337704917
drop 15% (after 4h),0.3,0.5,1,217,0.014442042880228493,0.051072980904255466,0.5806451612903226,1.0841787652130526,-0.7778929810685807,69,-0.03724250198908075,-0.023471690978655105,0.391304347826087,0.6462403570674172,-0.6362193324679486
delay 8h,0.15,0.1,1,241,0.014431983174381185,0.1775896913658535,0.6307053941908713,1.1545239762671955,-0.4122594332713174,161,-0.012397517369919469,0.006474475914041328,0.5341614906832298,0.7713811628759267,-0.3346214128146971
delay 4h,0.15,0.3,3,241,0.01438503291138683,-0.12373728713577772,0.43983402489626555,1.091826495818293,-0.48746501306429524,161,0.005822426712394979,0.00973406437351863,0.5341614906832298,1.0799791080260057,-0.3359783812395514
delay 24h,,0.3,3,241,0.014345873067692418,0.10350938205502705,0.6058091286307054,1.0761196681388867,-1.0,161,0.02175926003248601,0.02107145007429406,0.5652173913043478,1.3472030712631315,-1.0
drop 20% (after 4h),0.15,,7,211,0.014300662858645357,-0.30452618862351655,0.3459715639810427,1.0709934055920622,-0.5479148693857494,49,0.017746277542418046,-0.03758207165287644,0.4489795918367347,1.1235946948974738,-0.3379636930938385
drop 15% (after 1h),0.3,0.3,7,217,0.014281202987614601,0.14754041918560087,0.5391705069124424,1.056239614325851,-0.7778929810685807,69,0.0097368827060286,0.034456524098133906,0.6086956521739131,1.0620774865185463,-0.6390635170305858
drop 30% (after 1h),,0.3,3,188,0.014279435557237914,0.17002817410780247,0.6117021276595744,1.0596358759913707,-1.0,24,-0.07155721916335636,0.04706615417806585,0.5416666666666666,0.7471697588609985,-1.0
drop 20% (after 1h),0.1,0.5,7,211,0.014276113967034878,-0.20639928636017937,0.24170616113744076,1.0907483551798896,-0.3563684850115252,49,0.0019189977365927635,-0.19988303066957994,0.3469387755102041,1.0156565532953346,-0.2884775539946992
drop 15% (after 4h),0.2,0.5,1,217,0.014227937437141267,0.031047778778848272,0.5253456221198156,1.091397314260127,-0.5423873681977669,69,-0.020570798222065294,-0.023471690978655105,0.391304347826087,0.7678359597132804,-0.4357191324679484
drop 30% (after 4h),0.1,0.3,1,188,0.01421608450377335,-0.20480844994204267,0.3829787234042553,1.117805302165892,-0.23422218329527478,24,-0.08999112146862993,-0.20533806782290903,0.20833333333333334,0.3525418383816311,-0.216290537926546
drop 30% (after 4h),0.3,0.5,3,188,0.014142485261757229,0.09997459919413351,0.5531914893617021,1.0662176585826377,-0.7779488886106537,24,-0.08356647515216123,0.01320870137871246,0.5,0.6527865130812327,-0.6360648776383081
drop 10% (after 4h),0.1,,3,227,0.01413482312901972,-0.20567830916312077,0.33480176211453744,1.1057110784404507,-0.30725336376543244,104,-0.0007478096088840819,-0.03593066410899938,0.4230769230769231,0.9911276873011121,-0.23521893246794912
delay 12h,0.1,0.2,7,241,0.014121077104326243,-0.20363182954361667,0.4024896265560166,1.1191494388604495,-0.34170941759572226,161,-0.011817765748394861,-0.04003408526155384,0.4161490683229814,0.8686259350161678,-0.2303519757385916
drop 15% (after 4h),0.15,,1,217,0.014093269135475445,-0.024591858548721746,0.48847926267281105,1.1000066170832112,-0.4421372681977671,69,-0.015780459914134324,-0.024863078330446715,0.37681159420289856,0.8065653557852099,-0.3354690324679483
drop 10% (after 1h),0.45,0.3,1,227,0.014058392172937768,0.12921314285604457,0.6255506607929515,1.0745532320453623,-0.9237698878256878,104,-0.01787419314200374,-0.006847639565452521,0.46153846153846156,0.772880403452681,-0.9376023532642683
delay 24h,0.45,0.3,3,241,0.01403845532328285,0.0906129061315921,0.6016597510373444,1.0750514716929702,-1.0,161,0.018597145315542157,0.02107145007429406,0.5652173913043478,1.2824929740890514,-0.9659127341216309
delay 2h,0.15,0.1,7,241,0.013992611006541669,0.19131068827004205,0.6307053941908713,1.1348611999570062,-0.5420798420138355,161,0.006402240235842715,0.02367869249394644,0.5279503105590062,1.0799727879559466,-0.3207340271121804
delay 8h,0.15,0.2,3,241,0.013960973775562888,-0.00825673924434985,0.4896265560165975,1.1020259766222649,-0.4816526095906168,161,-0.007638397849773389,0.006078202453580901,0.5093167701863354,0.896375457970247,-0.3346214128146971
drop 15% (after 4h),0.15,0.5,3,217,0.013919722749945152,-0.3020878719073941,0.41935483870967744,1.0799625585659132,-0.5479148693857494,69,0.018062977516023492,7.804260836201393e-05,0.5072463768115942,1.1970668585776054,-0.3354690324679483
drop 30% (after 1h),0.15,,7,188,0.01390221944365713,-0.30576044479298614,0.34574468085106386,1.067649361365567,-0.574190403982048,24,-0.11691132202037266,-0.30581077484161406,0.3333333333333333,0.4271677531978181,-0.31654063792654563
drop 10% (after 4h),,0.3,3,227,0.013851157990068579,0.14821790911525784,0.6079295154185022,1.0604171846162342,-1.0,104,0.009399577609376956,-0.002997212413503806,0.5,1.0913910128117341,-1.0
delay 1h,0.15,0.2,1,241,0.013827488772356258,0.004925875422721913,0.5020746887966805,1.1062854252732295,-0.38839373426294793,161,0.008235044663839716,0.01600475162129878,0.5527950310559007,1.1610968349457318,-0.3122922357868949
delay 8h,0.2,0.1,7,241,0.013798701335384373,0.19622521611953322,0.6763485477178424,1.121051535012737,-0.5125095332713179,161,0.00392291808203595,0.048850124108157165,0.5714285714285714,1.0454584021804647,-0.4480923233333333
drop 10% (after 4h),0.2,0.1,1,227,0.013788966332426503,0.19301029276602527,0.6607929515418502,1.1303101545838772,-0.5473205654012343,104,-0.003666322620309412,0.00010974545000069606,0.5,0.9392693692267214,-0.4071147337704919
delay 0.5h,0.15,0.5,3,241,0.013787999958963003,-0.3010439398086662,0.3941908713692946,1.0792196249680421,-0.346782254574987,161,0.007791232449283568,0.01006651950148029,0.5341614906832298,1.1044997248287713,-0.32083570292000707
drop 10% (after 4h),0.1,0.1,1,227,0.013779692870522863,0.12926395633338417,0.5462555066079295,1.1601486665092815,-0.30725336376543244,104,-0.006527167275749345,-0.00829133417406625,0.46153846153846156,0.8859159768482808,-0.21085128761542657
drop 20% (after 1h),0.3,0.2,7,211,0.013775030194218529,0.3643415969579913,0.6208530805687204,1.0657307040062243,-0.6589201389650946,49,-0.0781647106138809,-0.003969042524607336,0.4897959183673469,0.6190690049624474,-0.6390635170305858
drop 30% (after 4h),0.15,0.1,3,188,0.013729743054139617,0.19513511531589373,0.6329787234042553,1.1281716141605125,-0.32694727364324316,24,-0.08731022530932708,-0.30168442836440934,0.4583333333333333,0.47701659454907264,-0.31654063792654563
drop 10% (after 4h),0.15,0.5,1,227,0.013706449951082151,-0.05999206531054134,0.4669603524229075,1.097504146034321,-0.44707046540123446,104,-0.01805587481815718,-0.0086884957029966,0.4423076923076923,0.735955653303092,-0.3354690324679483
delay 4h,0.2,,3,241,0.013646723273746214,-0.0038115179161609548,0.4896265560165975,1.0761160421177363,-0.5877151130642956,161,0.006646392069975846,0.016912627204081807,0.5527950310559007,1.0862905647312466,-0.4362284812395515
drop 20% (after 1h),0.2,0.5,3,211,0.013632506737076664,-0.18392007591300782,0.43601895734597157,1.0662737661876711,-0.4449163811131185,49,-0.029065776622073068,0.013563500841437402,0.5306122448979592,0.805278722975116,-0.4385633170305853
drop 30% (after 4h),0.2,0.2,3,188,0.013628866076295376,0.1255184039730009,0.5425531914893617,1.079985696014265,-0.5768283474288853,24,-0.10696977265527456,-0.3378942710934727,0.375,0.5278320745111904,-0.43556467763830775
delay 1h,0.1,0.5,3,241,0.013564474887869313,-0.20608217625460315,0.3112033195020747,1.1009615260364083,-0.23094028372481426,161,0.01328735604666591,0.0009084995353492681,0.5031055900621118,1.1957383537779858,-0.2341930205757954
drop 15% (after 4h),0.45,0.2,1,217,0.01342978996002017,0.13845160465879422,0.6589861751152074,1.0803312412235735,-0.9433180325565308,69,-0.011483569919739499,-0.018797362711648644,0.4057971014492754,0.8662481320801017,-0.9369696324679483
drop 10% (after 4h),0.1,,1,227,0.013351665749191116,-0.20017149643468643,0.4008810572687225,1.1156519770177014,-0.30725336376543244,104,-0.019179687615386513,-0.01156664623224744,0.41346153846153844,0.7070194303240922,-0.23521893246794912
delay 4h,0.15,0.2,7,241,0.013326544688074404,-0.06859603118940934,0.48132780082987553,1.0892796487056027,-0.48746501306429524,161,0.007796749710965708,-0.011484663516068184,0.4658385093167702,1.0826308194610321,-0.3359783812395514
delay 4h,0.15,0.2,1,241,0.01328822057970285,0.02404185719310582,0.5352697095435685,1.1082269326911225,-0.48746501306429524,161,-0.004130406722034589,0.0006013519674186439,0.5093167701863354,0.9211355643964847,-0.3359783812395514
delay 12h,0.2,0.3,7,241,0.013225046785518824,-0.005960380287889689,0.49377593360995853,1.0698475568056187,-0.5594197500098215,161,0.004706060072656596,0.009577548586928327,0.5093167701863354,1.0442436846338514,-0.44196988031436435
drop 30% (after 1h),0.15,0.5,3,188,0.013183920209763726,-0.30475285277511255,0.39361702127659576,1.07403961760081,-0.47434024857550805,24,-0.12932609373422277,-0.30581077484161406,0.2916666666666667,0.3668789320384946,-0.31654063792654563
delay 2h,0.45,0.5,7,241,0.013182213874311587,0.10831870969555477,0.5767634854771784,1.0455505422404041,-1.0,161,0.011383784834660406,0.004910437569261021,0.5093167701863354,1.1014585694034025,-0.939566454537781
delay 12h,,0.2,1,241,0.01317363907242124,0.08051923210819875,0.6473029045643154,1.088331164206754,-1.0,161,-0.009110161228467487,0.0029285862985756095,0.5031055900621118,0.8286591566653926,-1.0
delay 0.5h,0.1,,1,241,0.013155213930057544,-0.20609008935135142,0.3817427385892116,1.1091095586531579,-0.24653215457498764,161,0.006142025455090938,0.00864943699689317,0.5403726708074534,1.1190846299087795,-0.21109792247442802
drop 30% (after 4h),0.15,0.2,3,188,0.013118165175927793,-0.09260086100598311,0.4734042553191489,1.0853724829330689,-0.5479148693857494,24,-0.08857578022397798,-0.3057550805465531,0.3333333333333333,0.5375413846966187,-0.31654063792654563
delay 12h,0.2,0.2,3,241,0.013082228178793943,0.05157527951912559,0.5477178423236515,1.0848820113436684,-0.46626584157835377,161,-0.00011139427416603212,0.015347179099819749,0.5527950310559007,0.9984842255140591,-0.42445766013399605
drop 20% (after 1h),0.45,0.3,3,211,0.013005433888673208,0.11110536353220918,0.5971563981042654,1.0552902387612604,-0.9628621632446133,49,-0.0831485935085233,0.018409280190159676,0.5714285714285714,0.6138635099333056,-0.939813817030585
drop 20% (after 4h),0.15,,1,211,0.012984805201921789,-0.0572549591574673,0.4786729857819905,1.0906102691935124,-0.34153086317423187,49,-0.0005680605771677639,-0.023492644811265416,0.4897959183673469,0.9941097948302913,-0.3379636930938385
delay 12h,0.1,,7,241,0.01297467022271572,-0.2054989166315791,0.3112033195020747,1.0936745550510873,-0.35836482535258307,161,-0.010874847192227066,-0.046921308388451245,0.40993788819875776,0.8807961579925813,-0.2303519757385916
drop 30% (after 1h),0.2,0.5,3,188,0.012935746992866405,-0.13083055533471813,0.46808510638297873,1.0641951284311826,-0.5768283474288853,24,-0.14495079531913427,-0.3888707595855038,0.3333333333333333,0.4046280297254283,-0.43556467763830775
drop 10% (after 4h),0.15,0.2,3,227,0.01291281896935771,-0.07404258277497483,0.4713656387665198,1.0864060701935088,-0.5479148693857494,104,0.007522533181605279,-0.008620262435619315,0.4807692307692308,1.087088382667803,-0.3354690324679483
delay 2h,0.15,0.1,1,241,0.012844262743246872,0.1743923178686927,0.6348547717842323,1.133087945683376,-0.5420798420138355,161,0.001928706088524027,0.011103121834544913,0.5652173913043478,1.0389256330280374,-0.319223464827004
delay 1h,0.1,0.3,7,241,0.01283591227512436,-0.20602186003848635,0.3236514522821577,1.0960907579775268,-0.23094028372481426,161,-0.005437666211695219,-0.04386507752358489,0.40372670807453415,0.9402560908691545,-0.2341930205757954
delay 4h,0.3,,1,241,0.012820681071794756,0.05902777871886785,0.6141078838174274,1.0811154593759764,-0.628139422111456,161,-0.004808772702825742,0.0073144035111050495,0.5279503105590062,0.914952792852927,-0.6367286812395517
drop 20% (after 1h),0.15,,3,211,0.012820432684294109,-0.3012438658022647,0.38388625592417064,1.0716056585800375,-0.45716105585862477,49,-0.013102140251083047,0.01017971557400484,0.5102040816326531,0.8960947792343742,-0.3383132170305853
delay 2h,0.2,0.3,7,241,0.01281815304928207,-0.05909418585668489,0.46887966804979253,1.065588195818711,-0.6423299420138356,161,-0.0030079172361614855,-0.00938764965024639,0.4658385093167702,0.9720875660633256,-0.4383159545377814
delay 4h,0.1,0.5,1,241,0.01265169767950638,-0.19274440081090008,0.43568464730290457,1.1170367169484356,-0.3571897504514364,161,-0.0063171199944859575,-0.0024109040505158,0.4906832298136646,0.871586095381064,-0.21189249700496546
delay 4h,,0.1,7,241,0.012651340253291374,0.19809999999999983,0.8132780082987552,1.0897689837381204,-1.0,161,0.025552188456694835,0.09128430604192342,0.6149068322981367,1.3308207767032185,-1.0
delay 4h,0.2,0.1,7,241,0.012641589473713305,0.1954821175821952,0.6846473029045643,1.1097046753441566,-0.4229147002698963,161,0.016252275325487772,0.06837808605965133,0.577639751552795,1.2050511749309105,-0.4326559402902491
drop 10% (after 1h),0.15,,7,227,0.012635453388869474,-0.3047204252452581,0.34801762114537443,1.064931373070918,-0.44707046540123446,104,0.018982920865793135,-0.015064145742657718,0.5,1.1597781895779178,-0.3361017532642684
drop 10% (after 1h),0.45,0.3,3,227,0.012592681966911025,0.15266829208354918,0.6079295154185022,1.0534414519405753,-0.9757494328674431,104,-0.005568317990034068,-0.006840934285521854,0.4807692307692308,0.9481553806338379,-0.9376023532642683
delay 1h,0.1,0.3,3,241,0.012589725379022518,-0.20595646278836527,0.34024896265560167,1.0974042186716824,-0.23094028372481426,161,0.010508852523303412,0.0009084995353492681,0.5031055900621118,1.1548077349461245,-0.2341930205757954
drop 15% (after 1h),0.15,0.2,7,217,0.012582571220946883,-0.2972207166431883,0.4700460829493088,1.0779354313958778,-0.4421372681977671,69,0.04572076932420697,0.034456524098133906,0.5942028985507246,1.469456118343826,-0.3383132170305853
drop 20% (after 1h),,,7,211,0.012575020830032325,0.1787075468676924,0.5829383886255924,1.0395060409228691,-1.0,49,-0.05835799122876255,0.03299572317276064,0.5102040816326531,0.7619851403632004,-1.0
delay 4h,0.1,,3,241,0.012503659749495563,-0.20502575585749214,0.34854771784232363,1.0987304803067406,-0.3571897504514364,161,-0.002062807432036776,-0.0009870430372019502,0.4906832298136646,0.9708053655523617,-0.21541873226846656
delay 12h,0.15,,3,241,0.012447665572194391,-0.09646822628770008,0.43983402489626555,1.0805289906582984,-0.45916965000982096,161,0.0037292241362361705,0.010106287422285934,0.5341614906832298,1.053058105747629,-0.3242075601339959
drop 30% (after 4h),0.1,0.2,3,188,0.012340791596082595,-0.205754918531214,0.3882978723404255,1.0980258125709113,-0.3740901485755085,24,-0.07599551484090859,-0.20586563666335594,0.25,0.47738758488994903,-0.216290537926546
delay 4h,0.2,0.1,1,241,0.012302808395920345,0.19026678184446416,0.6721991701244814,1.1185646928190558,-0.4229147002698963,161,0.007724952522180277,0.010299219371292113,0.546583850931677,1.177618603948954,-0.411607094114202
drop 15% (after 1h),0.2,0.5,1,217,0.012273106887962798,0.02363727539311496,0.511520737327189,1.0738163414461668,-0.5423873681977669,69,-0.027654303118691288,-0.024863078330446715,0.37681159420289856,0.6939609453958191,-0.4385633170305853
delay 8h,0.2,0.2,3,241,0.012265498097300959,0.061741859680044836,0.5394190871369294,1.0783154592602118,-0.5876984156896357,161,-0.008938732063155175,0.008432096521471371,0.5217391304347826,0.88475891871184,-0.4480923233333333
drop 15% (after 4h),0.1,0.3,1,217,0.012264759326534242,-0.20473298968800005,0.4055299539170507,1.1016309991747308,-0.3009949559808616,69,-0.00389950235922819,-0.02788750942739444,0.36231884057971014,0.9414990362927046,-0.23521893246794912
drop 15% (after 1h),0.2,0.3,7,217,0.012238620694608708,-0.3893213920633941,0.45161290322580644,1.0571315556972045,-0.5423873681977669,69,0.021120356209694942,0.027254668204518405,0.5797101449275363,1.1648866393885375,-0.4385633170305853
delay 1h,0.1,0.5,1,241,0.01218789843420745,-0.20427934499391842,0.3900414937759336,1.1046950303055325,-0.2258404390671852,161,0.007051631016050089,0.00923117703406454,0.5403726708074534,1.14422331838048,-0.2341930205757954
delay 8h,0.45,,1,241,0.01215168183408692,0.07440356557511243,0.6265560165975104,1.074942964307378,-1.0,161,-0.009062525605773383,0.005047375596455403,0.5279503105590062,0.8349882426725951,-0.9361220128146969
delay 4h,0.15,0.1,3,241,0.012118015865969315,0.19130547574664106,0.6224066390041494,1.118214323981508,-0.3471319785675759,161,0.01762903625032726,0.023598390479049287,0.5838509316770186,1.2952998323033829,-0.31566883226846626
drop 30% (after 4h),0.1,0.2,7,188,0.012099489516166118,-0.20590489768872433,0.3776595744680851,1.0925037878843977,-0.3740901485755085,24,-0.059376657501148906,-0.20586563666335594,0.2916666666666667,0.5911841363586066,-0.216290537926546
delay 2h,0.15,0.3,7,241,0.012065101216540502,-0.3010166642594714,0.4024896265560166,1.070581249216696,-0.5420798420138355,161,-0.007041269792886411,-0.021283100166909832,0.43478260869565216,0.9302495631650728,-0.3380658545377813
delay 1h,0.15,,3,241,0.012000182166701593,-0.30097186756725447,0.3983402489626556,1.0705725132290351,-0.38839373426294793,161,0.015742607956397904,0.014040020115998201,0.5527950310559007,1.2274349025840805,-0.33444312057579495
drop 15% (after 4h),0.1,,7,217,0.01197426919643005,-0.20629561211226036,0.2626728110599078,1.0771986027831666,-0.40023981306166,69,0.03091451917033828,-0.04221263496291883,0.4782608695652174,1.316457590994574,-0.23521893246794912
drop 15% (after 4h),0.1,0.3,3,217,0.011923327463303986,-0.20579238643010594,0.35023041474654376,1.089538359610685,-0.3009949559808616,69,0.008030636237505518,-0.03477068906672286,0.463768115942029,1.0963017621128461,-0.23521893246794912
drop 10% (after 4h),0.2,0.1,7,227,0.011877212612839404,0.1970538476043955,0.6828193832599119,1.0990394500626814,-0.5473205654012343,104,0.004001941562662491,0.13635919295628735,0.625,1.0389009318402032,-0.4132828130497965
drop 10% (after 1h),0.3,0.3,7,227,0.011842071852975733,0.08140709254391565,0.5374449339207048,1.0479632071222529,-0.7816917435956793,104,-0.012619795498605448,0.041458122127241544,0.5576923076923077,0.9198577316035279,-0.6368520532642682
delay 4h,0.15,0.1,7,241,0.011821234410135944,0.193046820480211,0.6265560165975104,1.111893499730613,-0.3471319785675759,161,0.019504103742472842,0.05542379839891443,0.5590062111801242,1.2697553050120756,-0.3327896630353471
drop 20% (after 4h),0.15,0.2,1,211,0.011814298001160442,0.00539365620736699,0.5118483412322274,1.0888070666007552,-0.3348139402545739,49,0.017242290540063213,0.010369134229707977,0.5102040816326531,1.1911267215439172,-0.3379636930938385
drop 30% (after 4h),0.15,0.1,1,188,0.011784740200906293,0.18966843020486823,0.6063829787234043,1.1181584748561937,-0.32694727364324316,24,-0.05975532977029595,-0.08156599241581233,0.4166666666666667,0.56129283476641,-0.31654063792654563
delay 8h,0.1,0.2,1,241,0.011766210132442327,-0.02022109198144001,0.46473029045643155,1.12065587247622,-0.2722582990697676,161,-0.012284189409396365,-0.0022667671671178836,0.4968944099378882,0.7694375052506267,-0.2160529892401905
delay 4h,0.45,0.5,7,241,0.01176609049049307,0.10961676297749454,0.5892116182572614,1.0411354045675796,-1.0,161,0.012894962634733945,0.00994923576236546,0.515527950310559,1.1143433416382063,-0.9374789812395514
delay 1h,0.15,0.5,1,241,0.011593971536075266,-0.03327331346661478,0.4605809128630705,1.0810376396563957,-0.38839373426294793,161,0.0029458870935623106,0.010739516417001459,0.546583850931677,1.0553780995197288,-0.33444312057579495
delay 8h,0.3,0.2,3,241,0.01158198853600857,0.12495552572706946,0.6058091286307054,1.0653259512258333,-0.7470382508992249,161,0.0042047996082382735,0.012986216064400785,0.546583850931677,1.0572450868966414,-0.6353717128146975
delay 0.5h,0.2,0.3,3,241,0.011563152607585909,-0.03268505977549453,0.4896265560165975,1.0622639121781585,-0.4530844413903742,161,0.004133401412646517,0.01137120270887871,0.546583850931677,1.0518561894946235,-0.4210858029200069
drop 20% (after 1h),0.15,0.2,3,211,0.01151997345198729,-0.08078316766737738,0.4834123222748815,1.077032631228491,-0.3342667163806551,49,-0.04039251075894313,0.01017971557400484,0.5102040816326531,0.6796712088821544,-0.3383132170305853
delay 1h,0.15,0.5,3,241,0.01150020696002199,-0.30097186756725447,0.3983402489626556,1.0676321822909354,-0.38839373426294793,161,0.015742607956397904,0.014040020115998201,0.5527950310559007,1.2274349025840805,-0.33444312057579495
delay 4h,,0.2,3,241,0.011471769109078975,0.23780148417294344,0.6680497925311203,1.0574401201459203,-1.0,161,0.005782005431815464,0.0230165527526368,0.577639751552795,1.0723385160330678,-1.0
delay 1h,0.15,0.2,3,241,0.011396397907362478,-0.023318548817297877,0.4854771784232365,1.0781851285114143,-0.38839373426294793,161,0.013355576874650487,0.016679043785201037,0.5652173913043478,1.2049092325198945,-0.32092289847279554
delay 8h,0.2,0.1,1,241,0.011367017272962202,0.19051735026419767,0.6721991701244814,1.1099367769441448,-0.5125095332713179,161,-0.01175948963647089,0.006492307692307887,0.5403726708074534,0.7809664298359986,-0.4480923233333333
drop 15% (after 1h),0.2,0.5,3,217,0.011297153739138786,-0.25572700332046305,0.4377880184331797,1.053875030167039,-0.5423873681977669,69,0.0058563508722942175,7.804260836201393e-05,0.5072463768115942,1.0564555469102972,-0.4385633170305853
delay 8h,0.2,0.1,3,241,0.01129118726089397,0.19567993229488245,0.6597510373443983,1.1003648842885683,-0.5125095332713179,161,0.0028170970175464423,0.02022345624167037,0.5590062111801242,1.0416834987194674,-0.4480923233333333
drop 15% (after 1h),0.15,0.2,3,217,0.011270208819197193,-0.07863710774302778,0.48847926267281105,1.073742053083571,-0.4421372681977671,69,0.008115334327991304,0.006714294886914515,0.5217391304347826,1.091171451450728,-0.3383132170305853
delay 24h,0.45,0.5,7,241,0.011233960647933175,0.0808233492622949,0.5892116182572614,1.0422362902940168,-1.0,161,0.014324633117287685,0.026723915501008964,0.5403726708074534,1.1370120453418617,-0.9659127341216309
delay 4h,0.15,0.3,1,241,0.011227527809685302,0.006526920601240029,0.5062240663900415,1.0856444180862745,-0.48746501306429524,161,-0.007624375952543752,0.00014041990994682375,0.5031055900621118,0.8595076474849864,-0.3359783812395514
delay 12h,0.2,0.3,3,241,0.011217232185934541,0.003649128142095839,0.5062240663900415,1.0656916881752603,-0.5594197500098215,161,0.005807493987003573,0.015347179099819749,0.5527950310559007,1.079024270131101,-0.42445766013399605
drop 30% (after 4h),0.2,,7,188,0.011206033067661348,-0.3993816762134839,0.4148936170212766,1.0482438692835945,-0.5768283474288853,24,-0.13077961639248487,-0.4019345283644092,0.375,0.46099731267766964,-0.43556467763830775
delay 1h,0.45,0.3,7,241,0.011177645084861378,0.20817005302968686,0.6058091286307054,1.0415544227731621,-1.0,161,0.011240584513195349,0.026810526315789764,0.5403726708074534,1.1062950666175784,-0.9359437205757952
drop 20% (after 4h),0.1,0.2,1,211,0.011153615584434532,-0.20293084795373909,0.4312796208530806,1.0974023209407322,-0.26320717166550556,49,0.006704355532400491,-0.03920963992380953,0.46938775510204084,1.075919570668622,-0.237713593093839
delay 12h,0.3,,3,241,0.01112642226538427,0.05282785902970186,0.5560165975103735,1.058550706552892,-0.6832190851710421,161,0.010370054347986867,0.016409414476772022,0.5652173913043478,1.1412621997627992,-0.6249578601339963
drop 30% (after 4h),0.15,,7,188,0.011028875511987514,-0.30543871920138854,0.34574468085106386,1.0534161404727374,-0.5479148693857494,24,-0.11691126498482256,-0.30581077484161406,0.3333333333333333,0.4271678725732904,-0.31654063792654563
drop 20% (after 4h),,0.2,3,211,0.011000585603298982,0.26360123936351815,0.6587677725118484,1.0545984975453073,-1.0,49,-0.07436776696103255,0.022666101137166893,0.5918367346938775,0.6058235844575198,-1.0
drop 15% (after 1h),0.15,0.1,1,217,0.010946134625101472,0.1867111334625248,0.6221198156682027,1.1071360696653485,-0.4421372681977671,69,-0.008500455950952475,-0.014490477334288753,0.42028985507246375,0.8746059910704373,-0.3081734587053807
delay 1h,0.1,0.2,1,241,0.010849567153631333,-0.2007217675672549,0.42738589211618255,1.100040136257572,-0.2220472871674834,161,0.013205403614507685,0.01600475162129878,0.5527950310559007,1.2861518298335692,-0.21204213578689574
drop 15% (after 1h),,0.2,3,217,0.010844564467203752,0.30570089650591836,0.6728110599078341,1.0526175568400307,-1.0,69,-0.019880636839266965,0.02920607620221936,0.5652173913043478,0.8397472531895122,-1.0
delay 24h,0.3,0.5,3,241,0.010841285222199303,0.04469782168186412,0.5601659751037344,1.05995218520792,-0.7822010369591061,161,0.006653476377061229,0.01866859848484825,0.5527950310559007,1.0920428732623706,-0.6609046991412706
drop 20% (after 4h),0.1,0.2,7,211,0.010775745907660667,-0.20570249762458837,0.3696682464454976,1.0826130050594112,-0.26320717166550556,49,-0.036097103249199236,-0.19988303066957994,0.3469387755102041,0.707467645499899,-0.2884775539946992
delay 24h,,0.5,7,241,0.010769682926313131,0.0950041601877824,0.5975103734439834,1.0392530098178159,-1.0,161,0.02399387668739392,0.02827446238907427,0.546583850931677,1.2480774328167747,-1.0
drop 20% (after 4h),0.1,,1,211,0.010662324260539561,-0.20406802193369014,0.3981042654028436,1.087758471683487,-0.26320717166550556,49,0.0032807860478225753,-0.03920963992380953,0.46938775510204084,1.0371513513868071,-0.237713593093839
drop 15% (after 1h),,0.5,1,217,0.010649348071457726,0.08646981281553384,0.6082949308755761,1.0538054265275056,-1.0,69,-0.03396840276965151,-0.023471690978655105,0.391304347826087,0.6632309048419032,-1.0
drop 10% (after 1h),,,7,227,0.010611671913679581,0.18581078668516593,0.5726872246696035,1.0337904936301094,-1.0,104,0.0046453860727413655,0.04378165708808097,0.5769230769230769,1.0297239862167453,-1.0
drop 30% (after 1h),0.15,0.5,1,188,0.010539901898541251,-0.06959747830820673,0.4521276595744681,1.0742033804576372,-0.33832397847953866,24,-0.0829866131380405,-0.14046539542387232,0.2916666666666667,0.4903249213793786,-0.31654063792654563
drop 15% (after 1h),,0.2,1,217,0.010530472278629405,0.1651579733132155,0.6451612903225806,1.0585751498567282,-1.0,69,-0.03211368355491154,-0.023471690978655105,0.391304347826087,0.6816189378605875,-1.0
drop 15% (after 1h),0.3,0.3,1,217,0.010527906061636002,0.07608175586584837,0.5714285714285714,1.0569972446057934,-0.7778929810685807,69,-0.042566935442088887,-0.024863078330446715,0.37681159420289856,0.601947214177853,-0.6390635170305858
drop 30% (after 4h),0.15,0.1,7,188,0.010488981573777414,0.19623886124086368,0.6329787234042553,1.0937817066036422,-0.32694727364324316,24,-0.08926624650467237,-0.30168442836440934,0.4583333333333333,0.46530013611305726,-0.31654063792654563
drop 15% (after 4h),0.2,0.2,1,217,0.01048619822901792,0.05131564102043308,0.5576036866359447,1.0716178071026408,-0.5423873681977669,69,-0.017404351155215065,-0.023471690978655105,0.391304347826087,0.8035727909464719,-0.4357191324679484
delay 4h,0.2,0.1,3,241,0.010396008278423312,0.19482910270967752,0.6721991701244814,1.0916124098101947,-0.4229147002698963,161,0.015563073811014471,0.026017887802071305,0.5962732919254659,1.245691104769979,-0.4193588892194638
drop 15% (after 1h),0.2,0.3,3,217,0.0103791626008023,-0.08342367377755545,0.4700460829493088,1.0524613585117129,-0.5423873681977669,69,0.0007890242094753216,7.804260836201393e-05,0.5072463768115942,1.0076062370993053,-0.4385633170305853
drop 20% (after 4h),0.45,0.2,3,211,0.010338018981906923,0.26360123936351815,0.6540284360189573,1.0512027891170102,-0.9475704410108763,49,-0.0826158496795145,0.022666101137166893,0.5918367346938775,0.5804476547101627,-0.939464293093838
drop 10% (after 1h),0.45,0.2,7,227,0.010337524433100466,0.36984776987379736,0.6607929515418502,1.0456108354305604,-0.9500755366203062,104,-0.01027858352144432,0.04787866750309215,0.5961538461538461,0.9323214237007783,-0.9180076446620045
drop 10% (after 4h),0.3,,7,227,0.010325829394743084,0.011782712873689039,0.5110132158590308,1.0394760154215374,-0.7816917435956793,104,0.010701458725404608,0.045827736374682855,0.5673076923076923,1.070398178523366,-0.6362193324679486
drop 15% (after 1h),0.2,,1,217,0.010317395682421099,0.02363727539311496,0.511520737327189,1.062053757820341,-0.5423873681977669,69,-0.027654303118691288,-0.024863078330446715,0.37681159420289856,0.6939609453958191,-0.4385633170305853
delay 4h,,0.1,1,241,0.010296041048942418,0.19549086813011207,0.7510373443983402,1.0854674087361147,-1.0,161,0.014219800525421806,0.012834832280019432,0.5590062111801242,1.36028618073907,-1.0
delay 12h,0.2,0.5,3,241,0.010287357916367493,-0.025545525363268817,0.4896265560165975,1.0579471665862425,-0.5594197500098215,161,0.010207272311525014,0.015347179099819749,0.5527950310559007,1.1388933413022515,-0.42445766013399605
delay 8h,0.3,0.1,1,241,0.01026169899105391,0.19416427181686935,0.7095435684647303,1.091727841514216,-0.7470382508992249,161,-0.004877685981944429,0.008125706957334151,0.5527950310559007,0.9010913433439695,-0.6353717128146975
drop 30% (after 1h),0.45,0.2,3,188,0.010260800724202435,0.2789215534368834,0.6382978723404256,1.0501093473127097,-0.9647272136144918,24,-0.10156593471568526,0.04706615417806585,0.5416666666666666,0.6169491891910094,-0.936815177638308
drop 15% (after 4h),0.3,,1,217,0.010247148345278059,0.05067086826318499,0.5806451612903226,1.0597278585733458,-0.7778929810685807,69,-0.03724250198908075,-0.023471690978655105,0.391304347826087,0.6462403570674172,-0.6362193324679486
drop 30% (after 1h),0.2,0.1,3,188,0.01022038990346825,0.19757008770566692,0.6861702127659575,1.085667356811811,-0.44487818594972073,24,-0.10568759977617376,-0.1091247933619973,0.5,0.4541219371252253,-0.43556467763830775
drop 30% (after 1h),0.45,0.1,7,188,0.010140263206135872,0.19809999999999983,0.8031914893617021,1.0708006790465874,-1.0,24,-0.12385505744891626,0.17125671054864616,0.6666666666666666,0.47434590850321623,-0.936815177638308
drop 15% (after 1h),0.45,,3,217,0.01010155003839755,0.08200119615429122,0.5852534562211982,1.0409656285137177,-0.9598846659676451,69,0.0010994749812997767,0.020588207563431302,0.5507246376811594,1.0092703956489228,-0.939813817030585
delay 4h,0.3,0.2,3,241,0.010101111300703085,0.11937831992229524,0.6058091286307054,1.0554452116125468,-0.6371265017425521,161,0.007605992570422082,0.017945106829454438,0.5714285714285714,1.1006543506050321,-0.6367286812395517
drop 15% (after 4h),0.2,,1,217,0.010033042902190833,0.030824786117703985,0.5253456221198156,1.0644501832516575,-0.5423873681977669,69,-0.020570798222065294,-0.023471690978655105,0.391304347826087,0.7678359597132804,-0.4357191324679484
delay 0.5h,0.2,0.5,3,241,0.010026704209855122,-0.09555683444776114,0.4605809128630705,1.0508353099635366,-0.4530844413903742,161,8.517886917803005e-05,0.01006651950148029,0.5403726708074534,1.0010353792983508,-0.4210858029200069
drop 20% (after 1h),0.3,0.5,3,211,0.009967373462821392,0.031222296157962307,0.5165876777251185,1.042231143366653,-0.6454165811131191,49,-0.03838162524220364,0.018409280190159676,0.5714285714285714,0.7779418381472736,-0.6390635170305858
delay 24h,,0.5,3,241,0.009910045343741672,0.0889501661129568,0.6016597510373444,1.051450255754323,-1.0,161,0.0180021407186228,0.02107145007429406,0.5652173913043478,1.2872523485396667,-1.0
delay 24h,0.3,0.2,7,241,0.009866734599507094,0.2217657716706437,0.6182572614107884,1.0507353933361179,-0.7822010369591061,161,0.001816381299354356,0.02827446238907427,0.546583850931677,1.0164764423329233,-0.6609046991412706
delay 8h,,,1,241,0.00983193227276049,0.07480877496202189,0.6307053941908713,1.0595187716576904,-1.0,161,-0.010619822692210618,0.005047375596455403,0.5279503105590062,0.8119645910940442,-1.0
drop 15% (after 4h),0.15,0.2,7,217,0.009825418675419615,-0.29305620172609925,0.46543778801843316,1.0601116749576807,-0.5479148693857494,69,0.05762030234089469,0.04320414102806549,0.6086956521739131,1.6205763584799036,-0.3354690324679483
delay 8h,0.1,,1,241,0.009800115135509714,-0.10693193933146794,0.4315352697095436,1.0937327171806817,-0.3007444631381734,161,-0.014356386761656422,-0.004653846153846098,0.4906832298136646,0.7368630314069378,-0.2160529892401905
drop 10% (after 4h),0.15,,1,227,0.009800003815990598,-0.05999206531054134,0.4669603524229075,1.0697146968486766,-0.44707046540123446,104,-0.01805587481815718,-0.0086884957029966,0.4423076923076923,0.735955653303092,-0.3354690324679483
delay 4h,0.1,,1,241,0.009789323291289124,-0.19274440081090008,0.43568464730290457,1.0905578277463261,-0.3571897504514364,161,-0.0063171199944859575,-0.0024109040505158,0.4906832298136646,0.871586095381064,-0.21189249700496546
delay 1h,0.1,,3,241,0.009734772141758925,-0.20608217625460315,0.3070539419087137,1.0720001945341546,-0.23094028372481426,161,0.01328735604666591,0.0009084995353492681,0.5031055900621118,1.1957383537779858,-0.2341930205757954
delay 1h,0.3,0.3,1,241,0.009702049627093276,0.05779890864060261,0.5767634854771784,1.0548789379601748,-0.6542691198237885,161,0.00810956284959292,0.016716291642914098,0.5590062111801242,1.1498823398610556,-0.6351934205757953
drop 10% (after 4h),0.15,0.3,3,227,0.009683563575773357,-0.29305620172609925,0.4185022026431718,1.0582832612830169,-0.5479148693857494,104,0.002291432712785039,-0.014184123448543154,0.46153846153846156,1.0250807970284432,-0.3354690324679483
drop 30% (after 4h),0.15,0.2,7,188,0.009644433567320098,-0.29991464400599266,0.46808510638297873,1.0580339888918584,-0.5479148693857494,24,-0.07195692288421829,-0.3057550805465531,0.375,0.6239674984924232,-0.31654063792654563
delay 4h,0.45,0.2,3,241,0.009596582378403804,0.2125550537456481,0.6597510373443983,1.0482202287004068,-0.9462847290163011,161,0.00843749732414495,0.0230165527526368,0.577639751552795,1.1091888628898192,-0.9374789812395514
delay 8h,0.3,0.1,7,241,0.009512486111766848,0.19721798881016042,0.7344398340248963,1.0735535596290575,-0.7470382508992249,161,0.010373108779235777,0.08203632354329236,0.6024844720496895,1.121303840173791,-0.6444032328133112
drop 20% (after 1h),,0.2,3,211,0.009450250004742873,0.2931684235427706,0.6682464454976303,1.0454890038594846,-1.0,49,-0.10314539235431348,0.018409280190159676,0.5714285714285714,0.506656913340185,-1.0
delay 4h,0.15,0.2,3,241,0.009384962359660355,-0.033622455573505565,0.48132780082987553,1.0654270667010535,-0.48746501306429524,161,0.007564217705169635,0.015290478509036125,0.546583850931677,1.1080460700038948,-0.3359783812395514
delay 0.5h,0.15,0.1,3,241,0.009366651041343845,0.19439016046841717,0.6224066390041494,1.0890967908055575,-0.34627910499483594,161,0.0045330224677056176,0.01757820360487633,0.5652173913043478,1.0677294865800209,-0.32083570292000707
delay 1h,0.15,,1,241,0.009363133837832193,-0.03327331346661478,0.4605809128630705,1.06544489639671,-0.38839373426294793,161,0.0029458870935623106,0.010739516417001459,0.546583850931677,1.0553780995197288,-0.33444312057579495
delay 2h,0.2,0.1,7,241,0.009342566004775118,0.19520723433854176,0.6763485477178424,1.0803543618635136,-0.6423299420138356,161,0.011265672447379006,0.06336204610459864,0.5590062111801242,1.1386763017316865,-0.42098412711218053
delay 8h,0.2,,3,241,0.00931241237526895,-0.013776939050621734,0.4854771784232365,1.0519096300463968,-0.5876984156896357,161,-0.008937389103774241,0.008217896260895799,0.515527950310559,0.8883795053558099,-0.4480923233333333
drop 15% (after 4h),0.1,0.3,7,217,0.009256021983043195,-0.20610685698547823,0.2995391705069124,1.0632800716006776,-0.40023981306166,69,0.023784122236815152,-0.04221263496291883,0.4782608695652174,1.243467025494113,-0.23521893246794912
delay 0.5h,0.3,0.3,7,241,0.009223179687113508,0.06230061602262001,0.5311203319502075,1.0377091387690012,-0.6989575241297236,161,0.007938415903109562,0.014813490648378806,0.5217391304347826,1.0721582594885077,-0.6452661681415981
drop 20% (after 1h),0.2,0.1,1,211,0.009127428201909607,0.19528429738359193,0.6540284360189573,1.0824858320411395,-0.4290734827376426,49,0.019678099974648595,0.09316870747663548,0.5918367346938775,1.2567882786146245,-0.40735676518241876
drop 15% (after 4h),0.1,0.5,3,217,0.009127020185732899,-0.20597809641434292,0.3271889400921659,1.0660759592882658,-0.3009949559808616,69,0.014318777134608527,-0.03477068906672286,0.463768115942029,1.1717078732721,-0.23521893246794912
delay 4h,0.15,0.1,1,241,0.009098182299861335,0.1687320421580037,0.6224066390041494,1.092813165921453,-0.3471319785675759,161,0.00824608725253737,0.009632997575079304,0.5403726708074534,1.1931297048860245,-0.3121425970049651
drop 15% (after 4h),0.45,0.1,1,217,0.009076789425627714,0.19674483454363076,0.7465437788018433,1.0729989389016226,-0.9433180325565308,69,0.01167937231078131,-0.014096810313896702,0.4492753623188406,1.2181014041511586,-0.4844820271124134
delay 8h,0.45,,7,241,0.009063899791307096,0.08304443450142449,0.5975103734439834,1.032989265519272,-1.0,161,-0.004957210457145591,0.005124612272174849,0.5217391304347826,0.9597461712038783,-0.9361220128146969
delay 48h,0.3,,7,241,0.009002344446373406,0.02091794365470629,0.5269709543568465,1.0396122294010575,-0.7018232075983458,161,-0.00021011627730032516,0.007898169919632818,0.5093167701863354,0.9980385952885079,-0.6285870990727567
drop 30% (after 4h),0.45,0.2,3,188,0.00899196021935926,0.2675572805168609,0.6329787234042553,1.044113063113502,-0.9647272136144918,24,-0.10157212887331875,0.04706615417806585,0.5416666666666666,0.616934777006215,-0.936815177638308
delay 4h,,0.3,3,241,0.008946742884474319,0.11937831992229524,0.6265560165975104,1.0391682430011508,-1.0,161,0.012552399555474502,0.017945106829454438,0.5714285714285714,1.1553043571317998,-1.0
drop 30% (after 1h),0.15,,1,188,0.00885925154803856,-0.06959747830820673,0.4521276595744681,1.062371207959725,-0.33832397847953866,24,-0.0829866131380405,-0.14046539542387232,0.2916666666666667,0.4903249213793786,-0.31654063792654563
delay 24h,0.3,0.2,3,241,0.008857729122017028,0.10350938205502705,0.5892116182572614,1.0542306661323617,-0.7822010369591061,161,0.011260474454375231,0.019856599424332662,0.5590062111801242,1.156212407632642,-0.6609046991412706
delay 4h,0.3,,7,241,0.008850955210402214,0.019287232332364707,0.5228215767634855,1.0357172946109583,-0.7232257762030324,161,0.00890808831507211,0.0020036443512674706,0.5031055900621118,1.0787140471476522,-0.6445792014962551
delay 0.5h,0.3,,7,241,0.008779551491448594,-0.031232198534901383,0.48132780082987553,1.0323486900979826,-0.7618822749357423,161,0.018338758099793344,0.014813490648378806,0.5217391304347826,1.1666948270049082,-0.6452661681415981
drop 20% (after 4h),0.2,0.3,3,211,0.008735195602489108,-0.1017303076923076,0.46919431279620855,1.0451814243393744,-0.4621437022768727,49,-0.011873916645183365,0.01474526471028035,0.5510204081632653,0.9157570236129131,-0.4382137930938384
delay 1h,0.15,0.2,7,241,0.008661323465501362,-0.062344824667311824,0.46473029045643155,1.0569462973310075,-0.38839373426294793,161,0.012177198040015113,0.018615038791333867,0.5031055900621118,1.1343406736323745,-0.33299902063088255
drop 15% (after 1h),0.2,,3,217,0.008567198457028488,-0.25572700332046305,0.4377880184331797,1.0408561382784727,-0.5423873681977669,69,0.0058563508722942175,7.804260836201393e-05,0.5072463768115942,1.0564555469102972,-0.4385633170305853
delay 0.5h,0.15,0.1,7,241,0.00846450820847182,0.194927535315904,0.6141078838174274,1.0790782186371308,-0.34627910499483594,161,0.010490598173558666,0.02961251808972509,0.546583850931677,1.136652482765342,-0.33307618147315027
delay 0.5h,0.15,,3,241,0.008446134876783407,-0.3010439398086662,0.3900414937759336,1.0481928797879503,-0.346782254574987,161,0.007791232449283568,0.01006651950148029,0.5341614906832298,1.1044997248287713,-0.32083570292000707
drop 15% (after 1h),,,1,217,0.008442194202103539,0.08646981281553384,0.6082949308755761,1.042653865459582,-1.0,69,-0.03396840276965151,-0.023471690978655105,0.391304347826087,0.6632309048419032,-1.0
drop 20% (after 4h),0.3,0.5,7,211,0.008419990893000202,0.011622835666818328,0.5023696682464455,1.0308618459409034,-0.7649693332404918,49,-0.005144841809245848,0.03299572317276064,0.5102040816326531,0.9733026661271903,-0.6387139930938388
delay 12h,,,3,241,0.008418880339083598,0.10525097526974528,0.5975103734439834,1.0401038762627857,-1.0,161,0.006156632919605701,0.01653060326065421,0.5714285714285714,1.0778190718683396,-1.0
delay 24h,,0.2,3,241,0.008416377523920375,0.1300108719562796,0.6265560165975104,1.0480162004439957,-1.0,161,0.024604096314853004,0.025091215859959822,0.5714285714285714,1.393868487185377,-1.0
drop 30% (after 1h),0.2,0.1,7,188,0.008409966485627614,0.198027312490897,0.6914893617021277,1.0676834175454037,-0.44487818594972073,24,-0.1069877710106122,-0.051010930300702084,0.5,0.44552827376012716,-0.43556467763830775
delay 12h,0.15,,7,241,0.008375322358743397,-0.30106957564145276,0.3983402489626556,1.0473966727275532,-0.45916965000982096,161,0.008212269082002779,-0.0120443987795209,0.484472049689441,1.0847537308655326,-0.3306020757385912
delay 2h,0.2,0.1,3,241,0.008237427615513167,0.19520010028653287,0.6721991701244814,1.0710390199610955,-0.6423299420138356,161,0.008296347061531463,0.020044915254237208,0.5527950310559007,1.1271069950751216,-0.42098412711218053
drop 10% (after 4h),0.2,0.1,3,227,0.008193820707529368,0.19553403394149704,0.6651982378854625,1.0690777876328885,-0.5473205654012343,104,0.0005555605340243965,0.03697308101565353,0.5480769230769231,1.0068846590489298,-0.4132828130497965
drop 20% (after 1h),0.3,0.2,3,211,0.00812860026403376,0.20661502513089014,0.6018957345971564,1.0423404151907372,-0.6454165811131191,49,-0.06691594788907411,0.018409280190159676,0.5714285714285714,0.6128555710417984,-0.6390635170305858
delay 1h,0.1,0.2,3,241,0.008106597789572616,-0.20541387234271208,0.3900414937759336,1.0681701235337808,-0.22624293806327736,161,0.009605849402019997,0.0040935779100346025,0.515527950310559,1.147469981810014,-0.22067279847279578
delay 4h,0.15,0.5,1,241,0.008067690144012563,0.005128187372708908,0.5020746887966805,1.0609491703384766,-0.48746501306429524,161,-0.007221380554852097,0.00014041990994682375,0.5031055900621118,0.8669335367416061,-0.3359783812395514
delay 24h,0.45,,7,241,0.008049253656008157,0.08064880025075229,0.5892116182572614,1.0302627563617008,-1.0,161,0.01360034546263118,0.026723915501008964,0.5403726708074534,1.1300843891730914,-0.9659127341216309
drop 30% (after 1h),0.1,0.3,1,188,0.007989112799343594,-0.20600683039236306,0.3670212765957447,1.0644610869939626,-0.24884163353737826,24,-0.08999117850418006,-0.20533806782290903,0.20833333333333334,0.35254169371506683,-0.216290537926546
drop 30% (after 1h),0.2,0.5,1,188,0.007958527083765732,-0.013531154653886712,0.48936170212765956,1.0502828436574754,-0.44487818594972073,24,-0.12138894666660963,-0.14046539542387232,0.2916666666666667,0.3967499236631952,-0.43556467763830775
delay 2h,0.2,0.1,1,241,0.00794186279161005,0.1864878518492795,0.6680497925311203,1.0740677882455432,-0.6423299420138356,161,0.0017941136244543664,0.01285162033383928,0.5714285714285714,1.0353480927062058,-0.41961694242092434
delay 1h,0.2,0.3,3,241,0.007938939223960897,-0.023318548817297877,0.4854771784232365,1.0419812095962946,-0.4886438342629481,161,0.010479657168089657,0.014370391124061504,0.5590062111801242,1.1389492959152019,-0.4346932205757953
delay 8h,0.3,,3,241,0.007880505410452555,0.07148273914340138,0.5560165975103735,1.0388231891538993,-0.7470382508992249,161,0.008058528984401698,0.009736259195928538,0.5403726708074534,1.1043875485606547,-0.6353717128146975
delay 0.5h,0.1,0.2,1,241,0.007863041955908319,-0.20382635422222228,0.42738589211618255,1.0709400012877763,-0.2460290049948362,161,0.00861595717626395,0.009507188398549875,0.546583850931677,1.171227739549048,-0.21109792247442802
drop 20% (after 1h),0.2,,3,211,0.00776551055811744,-0.18392007591300782,0.43601895734597157,1.0377516505938604,-0.4449163811131185,49,-0.029065776622073068,0.013563500841437402,0.5306122448979592,0.805278722975116,-0.4385633170305853
delay 0.5h,0.1,0.2,3,241,0.007751469424438553,-0.20552777581642845,0.4024896265560166,1.0654198551518645,-0.2460290049948362,161,0.0075143180756206684,0.008132178503937187,0.515527950310559,1.1128738000300074,-0.22058560292000776
drop 10% (after 1h),0.2,0.3,7,227,0.007671824996776884,-0.33038503349806936,0.44933920704845814,1.0364526101572653,-0.5473205654012343,104,-0.013303760883387472,0.008282183707987358,0.5096153846153846,0.9076847879418797,-0.43635185326426806
delay 4h,,0.1,3,241,0.007648155953406558,0.1976388046104024,0.7759336099585062,1.0564843305945315,-1.0,161,0.026711909419616674,0.03998243641304332,0.6211180124223602,1.4661354295098896,-1.0
delay 8h,0.1,0.3,7,241,0.007555433633086923,-0.20418636107282012,0.33195020746887965,1.0569414043163343,-0.3814025095906174,161,-0.022724800188588704,-0.06943303211665844,0.38509316770186336,0.7628022219278663,-0.22885002021877227
drop 15% (after 1h),0.1,,7,217,0.0074501551693106766,-0.20639917977988248,0.2488479262672811,1.0476473681099627,-0.3082125991301828,69,0.03607176047399271,-0.04221263496291883,0.4782608695652174,1.3699706033785155,-0.22092273959222908
drop 15% (after 1h),0.3,0.3,3,217,0.007438568311744039,0.08023526648648634,0.5529953917050692,1.03318185856111,-0.7778929810685807,69,-0.016821480485468193,0.006714294886914515,0.5217391304347826,0.862339018506347,-0.6390635170305858
drop 30% (after 1h),0.45,0.1,3,188,0.007427716511137418,0.19809999999999978,0.7659574468085106,1.0542395608321364,-0.9647272136144918,24,-0.1215862631147744,0.11548074467781018,0.625,0.46497398801968653,-0.936815177638308
drop 15% (after 4h),0.3,0.3,3,217,0.007372535496991501,0.10182781911234394,0.5576036866359447,1.03312362447446,-0.7778929810685807,69,-0.002324314043188057,0.007085336288873673,0.5362318840579711,0.9798446440750181,-0.6362193324679486
delay 0.5h,0.45,0.3,7,241,0.007266548264759989,0.20496242668019415,0.5975103734439834,1.0260813962875563,-1.0,161,0.007931378117750612,0.01953496803919336,0.5341614906832298,1.0716309170254494,-0.9436979062283894
delay 24h,0.45,0.2,3,241,0.007263726341700934,0.12912108230254782,0.6224066390041494,1.0414892754656269,-1.0,161,0.021441981597909155,0.025091215859959822,0.5714285714285714,1.3267105098614478,-0.9659127341216309
drop 15% (after 4h),0.2,0.3,3,217,0.007260027684374125,-0.07130083858895267,0.4792626728110599,1.0379128787308214,-0.5423873681977669,69,0.01247618499981458,0.006714294886914515,0.5217391304347826,1.1251764436274414,-0.4357191324679484
delay 8h,0.3,0.1,3,241,0.007161511003652253,0.1967620363303536,0.7136929460580913,1.056615879192718,-0.7470382508992249,161,0.013152587096115158,0.028001198662139237,0.5900621118012422,1.2090556293993917,-0.6353717128146975
delay 8h,0.45,0.2,1,241,0.006965530556604975,0.09444172956964073,0.6597510373443983,1.0454607149904604,-0.945249504367816,161,-0.0073893279152861995,0.006474475914041328,0.5341614906832298,0.8648441996661492,-0.9361220128146969
delay 8h,,0.1,7,241,0.006936825910692985,0.19809999999999975,0.7842323651452282,1.0490024251483185,-1.0,161,0.006133685415833477,0.08203632354329236,0.6086956521739131,1.068315490375602,-1.0
delay 8h,,,7,241,0.006892701274569231,0.08563937249424669,0.6058091286307054,1.024604773729789,-1.0,161,-0.009580665701413815,0.005124612272174849,0.5217391304347826,0.9250176326842694,-1.0
delay 4h,0.45,0.1,1,241,0.006856766742366445,0.1954821175821952,0.7427385892116183,1.0560208322194289,-0.9369449041163023,161,0.014808901601110066,0.012834832280019432,0.5590062111801242,1.3808974792368007,-0.9051547268141904
delay 0.5h,0.2,0.5,1,241,0.006829677838203805,-0.004767080547881188,0.49377593360995853,1.0402586109863234,-0.44652920499483617,161,-0.00858402556062072,0.00864943699689317,0.5403726708074534,0.8705334347524507,-0.41265659696249984
drop 15% (after 4h),0.3,0.1,1,217,0.006821241926858897,0.19432600449123844,0.7142857142857143,1.0566928595061036,-0.7778929810685807,69,-0.019492858652458225,-0.014465440522100317,0.43478260869565216,0.761370218900351,-0.609179747466912
drop 10% (after 1h),0.1,,7,227,0.006810942414816652,-0.20630177346982306,0.2687224669603524,1.045565125789665,-0.3466195991598344,104,0.018820295331440015,-0.07312552377823878,0.4326923076923077,1.1862321867466472,-0.23585165326426835
delay 12h,0.2,,7,241,0.0068014687058741505,-0.11901099052650806,0.4605809128630705,1.0334693533577053,-0.5594197500098215,161,0.011584896209147896,0.009577548586928327,0.5093167701863354,1.108914566852118,-0.44196988031436435
delay 24h,,,7,241,0.00676345850113523,0.08359808148105347,0.5975103734439834,1.0246512459803994,-1.0,161,0.023269589032737417,0.02827446238907427,0.546583850931677,1.240588879619264,-1.0
delay 2h,0.15,0.3,3,241,0.006741244447287993,-0.281012904446621,0.43568464730290457,1.041358601301627,-0.5420798420138355,161,0.0032933235397576096,-0.0001395935715232464,0.4968944099378882,1.0443928515298215,-0.3380658545377813
drop 30% (after 4h),0.2,0.5,1,188,0.006740080524805152,-0.010189050988417825,0.4946808510638298,1.043021993525081,-0.44487818594972073,24,-0.12138888963105951,-0.14046539542387232,0.2916666666666667,0.3967500361187345,-0.43556467763830775
drop 10% (after 1h),0.1,0.3,3,227,0.006712825264270839,-0.2060971503668535,0.31718061674008813,1.0487226903003801,-0.30725336376543244,104,-0.0015561882279913088,-0.03593066410899938,0.41346153846153844,0.9818134481563251,-0.23585165326426835
delay 2h,0.15,0.5,3,241,0.006692601161136882,-0.29958330190437926,0.4107883817427386,1.039260987490762,-0.5420798420138355,161,0.002619778497967578,-0.0001395935715232464,0.4968944099378882,1.035313699518831,-0.3380658545377813
delay 4h,0.15,0.5,3,241,0.0066329509659608845,-0.29149565483201506,0.4190871369294606,1.0407440384373825,-0.48746501306429524,161,0.006535954712804875,0.00973406437351863,0.5341614906832298,1.0897804049496538,-0.3359783812395514
drop 30% (after 1h),0.1,0.2,3,188,0.006624639918759971,-0.20598880887078905,0.3776595744680851,1.0516882783299744,-0.3740901485755085,24,-0.07599557187645872,-0.20586563666335594,0.25,0.4773873976457611,-0.216290537926546
drop 30% (after 4h),,0.5,7,188,0.006600708811810563,0.1337195810503695,0.574468085106383,1.0207192551117052,-1.0,24,-0.07191697571323623,0.12682332720012335,0.625,0.7539127062534396,-1.0
delay 4h,0.45,0.1,7,241,0.0065821122319384435,0.19809999999999983,0.7966804979253111,1.0457303160658937,-0.9462847290163011,161,0.02733611878980888,0.09128430604192342,0.6149068322981367,1.3622845197531488,-0.9198258686393802
delay 8h,,0.5,3,241,0.006559132652974396,0.10408592321755043,0.6058091286307054,1.02955253972698,-1.0,161,8.810669654395804e-05,0.009736259195928538,0.5403726708074534,1.0010344973615681,-1.0
drop 15% (after 4h),0.15,0.1,1,217,0.0064553141705495035,0.184005133828892,0.6221198156682027,1.0615165501828592,-0.4421372681977671,69,-0.008548481163732323,-0.014490477334288753,0.42028985507246375,0.8740205276520953,-0.3081734587053807
delay 1h,0.45,0.3,3,241,0.006426246521743617,0.12682981728571427,0.6182572614107884,1.0270140743138645,-1.0,161,0.022623852909958702,0.024755814942494906,0.5900621118012422,1.3269223562788022,-0.9359437205757952
drop 30% (after 4h),0.2,0.2,1,188,0.006399201744987557,0.04304678512768592,0.526595744680851,1.0440960333567988,-0.44487818594972073,24,-0.08657917837981394,-0.10725021566166307,0.3333333333333333,0.5302590660652742,-0.43556467763830775
drop 10% (after 1h),0.45,0.5,3,227,0.006350718373023212,0.09317675643121257,0.5859030837004405,1.025200577111424,-0.9757494328674431,104,0.00014134877488099814,-0.006840934285521854,0.4807692307692308,1.0013160479420704,-0.9376023532642683
drop 15% (after 4h),0.15,0.2,3,217,0.0063248339887989925,-0.1017303076923076,0.4838709677419355,1.040989885655169,-0.5479148693857494,69,0.020338857431117838,0.007085336288873673,0.5362318840579711,1.24170574033146,-0.3354690324679483
drop 30% (after 1h),0.2,,1,188,0.0062778767332630405,-0.013531154653886712,0.48936170212765956,1.0396643111164992,-0.44487818594972073,24,-0.12138894666660963,-0.14046539542387232,0.2916666666666667,0.3967499236631952,-0.43556467763830775
drop 20% (after 4h),0.3,0.2,3,211,0.006257401130610458,0.18323984388701514,0.5971563981042654,1.032638214888582,-0.6375441083878156,49,-0.046062548728441274,0.022666101137166893,0.5918367346938775,0.7127571317637064,-0.6387139930938388
delay 1h,0.1,,1,241,0.006242171142304864,-0.20485635615708284,0.38589211618257263,1.0532312166228588,-0.2258404390671852,161,0.007051631016050089,0.00923117703406454,0.5403726708074534,1.14422331838048,-0.2341930205757954
delay 24h,0.3,,3,241,0.006192754000277481,0.04469782168186412,0.5601659751037344,1.0342458598922837,-0.7822010369591061,161,0.006653476377061229,0.01866859848484825,0.5527950310559007,1.0920428732623706,-0.6609046991412706
drop 30% (after 4h),0.45,0.2,7,188,0.006186807032406905,0.3782981121367395,0.6702127659574468,1.0263154194333135,-1.0,24,-0.07545166242734397,0.17025305879734,0.625,0.7239741481342548,-0.936815177638308
drop 15% (after 4h),0.1,0.2,3,217,0.0061433680344877084,-0.20568924316485523,0.391705069124424,1.0494285824100398,-0.3009949559808616,69,0.007944326204567134,-0.03212296061924201,0.4782608695652174,1.0987839760710958,-0.23521893246794912
drop 15% (after 4h),,0.1,1,217,0.0060848423847834985,0.1968721680324394,0.7511520737327189,1.0474454587928477,-1.0,69,0.01167937231078131,-0.014096810313896702,0.4492753623188406,1.2181014041511586,-0.4844820271124134
drop 20% (after 1h),0.2,0.1,7,211,0.006072816352532162,0.19809999999999978,0.6824644549763034,1.049200307828973,-0.4629407706873996,49,0.013751035792923269,0.19445193192549243,0.673469387755102,1.1274753702156965,-0.40881593697247687
drop 10% (after 1h),0.15,0.3,1,227,0.00606280536595609,-0.08725845017154397,0.44933920704845814,1.040283557504102,-0.44707046540123446,104,-0.011590183016332677,-0.0087537255695452,0.4423076923076923,0.8321653832224504,-0.3361017532642684
drop 20% (after 1h),,0.3,3,211,0.0060382675761451185,0.11236723560557363,0.6018957345971564,1.0247848290857402,-1.0,49,-0.0768882366763509,0.018409280190159676,0.5714285714285714,0.6322445516573282,-1.0
delay 8h,0.15,,3,241,0.0060176673079093196,-0.1219076305319149,0.42738589211618255,1.0383251053901252,-0.4816526095906168,161,-0.007258975208070489,0.00021748118551197931,0.5031055900621118,0.9039815218675178,-0.3346214128146971
delay 1h,0.1,0.2,7,241,0.005947424969438034,-0.20551931571406362,0.3775933609958506,1.0485712594162793,-0.22624293806327736,161,-0.001976626020668262,-0.0312109987958812,0.422360248447205,0.9775225329614595,-0.23163145990905926
delay 0.5h,0.1,0.1,3,241,0.005894801216588139,0.05487484018590673,0.5352697095435685,1.0644199726054837,-0.2460290049948362,161,0.0020656827009093545,0.01006651950148029,0.5279503105590062,1.0322615168442033,-0.22058560292000776
delay 1h,,0.3,7,241,0.005874078519906664,0.21868973642818745,0.6141078838174274,1.021078079419051,-1.0,161,0.007766831307831911,0.026810526315789764,0.5403726708074534,1.071110088633038,-1.0
delay 1h,0.2,,7,241,0.005861744682213581,-0.3967611473464724,0.4066390041493776,1.0263330725885393,-0.5468243424308367,161,0.01846648640247717,0.018615038791333867,0.5031055900621118,1.1793628188951826,-0.4346932205757953
delay 2h,0.3,0.5,7,241,0.005848555391637055,-0.02431595331799074,0.49377593360995853,1.0224317226206665,-0.8765709473481939,161,0.007486408685339663,-0.002261827425157726,0.4968944099378882,1.06648122843932,-0.6449367523072349
drop 30% (after 4h),0.1,0.5,3,188,0.005846481970776886,-0.20590489768872433,0.32978723404255317,1.042403809104598,-0.3740901485755085,24,-0.11870441639727462,-0.20586563666335594,0.20833333333333334,0.2290556796401877,-0.216290537926546
delay 1h,0.2,0.3,1,241,0.005824663653737103,0.008838589275662376,0.5103734439834025,1.0358373884464847,-0.4886438342629481,161,0.0067181517991617935,0.016716291642914098,0.5590062111801242,1.1210530054471173,-0.4346932205757953
delay 8h,0.1,,7,241,0.005796843134609866,-0.2046629753147595,0.3029045643153527,1.0416268675865696,-0.3814025095906174,161,-0.02146984606514497,-0.06943303211665844,0.38509316770186336,0.7759012294963814,-0.22885002021877227
delay 2h,0.15,0.5,1,241,0.005788054263431407,-0.013765896974132247,0.4854771784232365,1.0417519315619017,-0.5420798420138355,161,-0.005310450522292943,0.008771913399649103,0.5341614906832298,0.9076257427497108,-0.3380658545377813
delay 24h,0.45,0.2,7,241,0.005711503597433648,0.33625227771912286,0.6721991701244814,1.0264192603048206,-1.0,161,0.022150380940151718,0.05250706066574204,0.5652173913043478,1.231235289123534,-0.9659127341216309
delay 8h,0.1,0.1,1,241,0.005701519432679967,0.036584565551477814,0.5352697095435685,1.0676641409072485,-0.2722582990697676,161,-0.007535153680804225,0.005025864807234041,0.5217391304347826,0.845654948892202,-0.2160529892401905
delay 2h,0.3,0.1,7,241,0.00566930804989776,0.19725190512083424,0.7344398340248963,1.043040616572803,-0.8765709473481939,161,0.028744255903237148,0.08731565568321362,0.6024844720496895,1.4031620794556612,-0.6449367523072349
drop 30% (after 1h),0.45,0.5,3,188,0.00559134038200713,0.1255184039730009,0.5797872340425532,1.0226587051167657,-0.9647272136144918,24,-0.08819270017234496,0.04706615417806585,0.5416666666666666,0.6673856701755554,-0.936815177638308
delay 24h,0.45,0.5,3,241,0.0055243282960795,0.0654603934183364,0.5933609958506224,1.0283990267539156,-1.0,161,0.01484002600167895,0.02107145007429406,0.5652173913043478,1.225421859626466,-0.9659127341216309
delay 8h,0.1,0.1,3,241,0.005496182272235613,0.07148273914340138,0.5186721991701245,1.0606973702979312,-0.2722582990697676,161,0.003231500250103289,0.006078202453580901,0.5093167701863354,1.0517579151645193,-0.2160529892401905
drop 15% (after 4h),0.3,0.3,7,217,0.00545891470192938,0.12246387377844845,0.5299539170506913,1.0211242209402276,-0.7778929810685807,69,0.026948485167045358,0.04175527953338383,0.6231884057971014,1.1821537554209407,-0.6362193324679486
delay 2h,0.3,0.1,1,241,0.005382619666969104,0.19335362432176664,0.7178423236514523,1.0456798622579742,-0.8765709473481939,161,0.010995560044125219,0.016569835759113565,0.5838509316770186,1.2497525348444538,-0.6043217492751534
drop 30% (after 1h),0.1,0.2,7,188,0.005373182274009079,-0.20610299760066095,0.3670212765957447,1.040378045183714,-0.3740901485755085,24,-0.05937671453669903,-0.20586563666335594,0.2916666666666667,0.591183904202437,-0.216290537926546
delay 0.5h,0.2,,3,241,0.005371451126784108,-0.10637026652445951,0.45643153526970953,1.0271612606565683,-0.4530844413903742,161,8.517886917803005e-05,0.01006651950148029,0.5403726708074534,1.0010353792983508,-0.4210858029200069
drop 15% (after 4h),0.1,0.5,1,217,0.005329089283661514,-0.2053937956303894,0.391705069124424,1.0431375813891985,-0.3009949559808616,69,-0.00389950235922819,-0.02788750942739444,0.36231884057971014,0.9414990362927046,-0.23521893246794912
delay 24h,,,3,241,0.005261514121819848,0.0889501661129568,0.6016597510373444,1.0273163479916434,-1.0,161,0.0180021407186228,0.02107145007429406,0.5652173913043478,1.2872523485396667,-1.0
drop 30% (after 1h),,0.3,7,188,0.005243554444776175,0.2749445410067356,0.6170212765957447,1.0179913135948935,-1.0,24,-0.040088217264203876,0.12682332720012335,0.625,0.862825142466935,-1.0
delay 2h,0.15,0.3,1,241,0.0052091130456968565,-0.004764733908237844,0.4896265560165975,1.0379431153116658,-0.5420798420138355,161,-0.005117507376179143,0.008771913399649103,0.5341614906832298,0.9109819513687303,-0.3380658545377813
delay 4h,0.15,,1,241,0.005205315755795306,0.005128187372708908,0.5020746887966805,1.0393247225664681,-0.48746501306429524,161,-0.007221380554852097,0.00014041990994682375,0.5031055900621118,0.8669335367416061,-0.3359783812395514
drop 15% (after 1h),,0.5,3,217,0.005181216357528072,0.08598846730997038,0.5898617511520737,1.0199982706789366,-1.0,69,-0.005092175708094798,0.020588207563431302,0.5507246376811594,0.9591947937416191,-1.0
delay 1h,0.2,0.2,1,241,0.005172617390766455,0.03429361502347401,0.5435684647302904,1.0345299264337269,-0.4886438342629481,161,0.01084606559419095,0.01761440881997043,0.5652173913043478,1.2054270659024613,-0.41970191484384545
drop 10% (after 1h),0.15,0.1,7,227,0.0051354861314738265,0.1943097958842442,0.6123348017621145,1.0453044143777421,-0.44707046540123446,104,0.015847661475242095,0.10578062945031368,0.6153846153846154,1.1802791653478293,-0.3130327130497964
delay 8h,,0.2,3,241,0.0051090237576520625,0.16377771328968055,0.6556016597510373,1.0262859143499077,-1.0,161,-0.0013000397212713346,0.012986216064400785,0.546583850931677,0.9835349274227675,-1.0
delay 12h,0.2,,3,241,0.005095241460511469,-0.02632721737563597,0.4854771784232365,1.028441092903115,-0.5594197500098215,161,0.01001409598565811,0.015347179099819749,0.5527950310559007,1.136264734506893,-0.42445766013399605
drop 15% (after 4h),0.2,0.2,7,217,0.00504434333484256,0.12246387377844845,0.5207373271889401,1.0274014427517562,-0.5423873681977669,69,0.03765236632513543,0.04320414102806549,0.6231884057971014,1.332581091495894,-0.4357191324679484
delay 1h,0.15,0.1,3,241,0.005021432133257801,0.19328443232758613,0.6141078838174274,1.046691962443105,-0.38839373426294793,161,0.02178934908847749,0.02895634448566192,0.6024844720496895,1.3843147146979258,-0.32092289847279554
drop 10% (after 4h),0.2,0.5,3,227,0.004985675000146144,-0.0962691553257166,0.45374449339207046,1.0256000246646728,-0.5473205654012343,104,-0.0015254649525079833,-0.011464334669687014,0.47115384615384615,0.9847423287055892,-0.4357191324679484
delay 2h,0.3,0.1,3,241,0.004958941492469318,0.19666544916949139,0.7302904564315352,1.0381638203735104,-0.8765709473481939,161,0.026382866490459657,0.029990279668458703,0.577639751552795,1.506147836481081,-0.6043217492751534
delay 8h,0.45,0.1,7,241,0.00478997904590738,0.19777834975714728,0.7717842323651453,1.0339581726201257,-0.9464988445065176,161,0.008999839023612385,0.08203632354329236,0.6086956521739131,1.1035433747188346,-0.9361220128146969
delay 0.5h,0.2,0.3,1,241,0.00478490951723212,0.0033354864203097,0.5062240663900415,1.0288459520623756,-0.44652920499483617,161,-0.004402413645136711,0.00864943699689317,0.5403726708074534,0.93360162205836,-0.41265659696249984
drop 20% (after 4h),0.2,0.2,3,211,0.004755887754277401,0.038180137906451084,0.5260663507109005,1.0276673086992774,-0.43725671183206927,49,-0.03938035453848857,0.01474526471028035,0.5510204081632653,0.7206045505762623,-0.4382137930938384
drop 20% (after 1h),0.1,0.3,1,211,0.004662605239996046,-0.20593986896717048,0.3696682464454976,1.0367194743504353,-0.26320717166550556,49,-0.004711701734533367,-0.03920963992380953,0.46938775510204084,0.9461407455844967,-0.2090264695766659
delay 1h,0.1,0.1,3,241,0.004650755233379919,0.03990152022330794,0.5228215767634855,1.0506098415444842,-0.21734066258247428,161,0.013781087057984831,0.01906315789473695,0.5527950310559007,1.2352651421953273,-0.22067279847279578
delay 8h,,0.2,1,241,0.004645780995278544,0.0971092787566848,0.6639004149377593,1.0297300326925365,-1.0,161,-0.008946625001723435,0.006474475914041328,0.5341614906832298,0.8408922124875117,-1.0
drop 30% (after 1h),0.1,0.5,3,188,0.004618443613992864,-0.20628462543072118,0.30319148936170215,1.0320619220990674,-0.3740901485755085,24,-0.11870447343282475,-0.20586563666335594,0.20833333333333334,0.22905559479197957,-0.216290537926546
drop 20% (after 4h),0.2,0.1,1,211,0.004591759181570156,0.19019143388741455,0.6445497630331753,1.0410919418024334,-0.4350640402545744,49,0.019909927581227158,0.09316870747663548,0.5918367346938775,1.259732232653424,-0.40735676518241876
delay 1h,0.45,0.3,1,241,0.004417150995671847,0.099728888888889,0.6224066390041494,1.023086417754338,-1.0,161,0.006855700356971629,0.01761440881997043,0.5652173913043478,1.122936078794163,-0.9359437205757952
drop 15% (after 4h),0.1,,3,217,0.00437308122174336,-0.20605972396540126,0.3225806451612903,1.0313588390475288,-0.3009949559808616,69,0.014318777134608527,-0.03477068906672286,0.463768115942029,1.1717078732721,-0.23521893246794912
drop 30% (after 1h),0.45,0.2,7,188,0.004361019544955507,0.37435710606571787,0.6648936170212766,1.0184444427438692,-1.0,24,-0.07544546826971046,0.17025305879734,0.625,0.7239905538846274,-0.936815177638308
drop 30% (after 1h),0.15,0.1,3,188,0.004318749270492635,0.19395780603953866,0.6170212765957447,1.0381959464341928,-0.32694727364324316,24,-0.08731028234487719,-0.30168442836440934,0.4583333333333333,0.4770164315812836,-0.31654063792654563
drop 30% (after 4h),0.2,,1,188,0.004289006676987081,-0.010189050988417825,0.4946808510638298,1.02737676750408,-0.44487818594972073,24,-0.12138888963105951,-0.14046539542387232,0.2916666666666667,0.3967500361187345,-0.43556467763830775
drop 15% (after 1h),0.15,0.1,3,217,0.0042374155808462015,0.19196629114152491,0.6267281105990783,1.0375376928356845,-0.4421372681977671,69,0.00911364058723053,0.03442829766847655,0.5652173913043478,1.1211876910775178,-0.3081734587053807
delay 2h,0.2,0.3,3,241,0.00419546432160252,-0.004066232022327934,0.4979253112033195,1.022640372094069,-0.6423299420138356,161,0.0035470487214465415,0.0026325235683535286,0.5093167701863354,1.0456476331265623,-0.4383159545377814
delay 8h,0.1,0.3,3,241,0.004183279093302958,-0.2037352199689747,0.35684647302904565,1.0338953667956785,-0.3814025095906174,161,-0.0035277533627569,-0.004653846153846098,0.4658385093167702,0.9498556062799214,-0.2160529892401905
delay 2h,0.2,0.5,1,241,0.0041455050949453075,0.0192651417276423,0.5311203319502075,1.0269908900180573,-0.6423299420138356,161,-0.007599228774798101,0.009220170875576153,0.5403726708074534,0.8758016422273143,-0.4383159545377814
drop 10% (after 1h),0.3,,7,227,0.004101949982579469,-0.026450356740518405,0.4845814977973568,1.0149011021183092,-0.7816917435956793,104,0.0025958639670887935,0.041458122127241544,0.5576923076923077,1.0164850870043138,-0.6368520532642682
drop 20% (after 1h),0.3,,3,211,0.004101117510321558,0.031222296157962307,0.5165876777251185,1.017376180614472,-0.6454165811131191,49,-0.03838162524220364,0.018409280190159676,0.5714285714285714,0.7779418381472736,-0.6390635170305858
drop 10% (after 1h),0.15,0.3,3,227,0.004075552668351666,-0.3027835969350739,0.3876651982378855,1.0233117941266805,-0.44707046540123446,104,0.004513389532096715,-0.015896713701589207,0.4519230769230769,1.0505329987352534,-0.3361017532642684
delay 2h,0.15,,3,241,0.004060791238377189,-0.29958330190437926,0.4107883817427386,1.0238219296464754,-0.5420798420138355,161,0.002619778497967578,-0.0001395935715232464,0.4968944099378882,1.035313699518831,-0.3380658545377813
drop 20% (after 1h),0.15,0.1,1,211,0.004051655971768646,0.1867111334625248,0.6018957345971564,1.0381889958009403,-0.3248812504441605,49,0.006545398997361813,0.059115939547901,0.5510204081632653,1.0796479385146986,-0.3193011228021509
drop 20% (after 4h),0.1,0.2,3,211,0.004028140563036113,-0.20561071893796423,0.38388625592417064,1.0317856038332496,-0.26320717166550556,49,-0.022471201509733533,-0.062197352577030865,0.46938775510204084,0.7764816422510786,-0.237713593093839
delay 1h,0.3,0.5,1,241,0.0039275476270277205,0.05125484138271597,0.5643153526970954,1.0212939132412102,-0.6542691198237885,161,0.005967055685657184,0.016716291642914098,0.5590062111801242,1.1102841527755605,-0.6351934205757953
delay 0.5h,0.1,0.1,7,241,0.0039058157701732416,0.07281418594354445,0.5186721991701245,1.04158302827067,-0.2460290049948362,161,-0.005365231369406705,-0.01335564724468824,0.4658385093167702,0.9331475451603868,-0.2315090061538463
delay 2h,0.15,,1,241,0.003904709742630315,-0.013765896974132247,0.4854771784232365,1.0281664902441223,-0.5420798420138355,161,-0.005310450522292943,0.008771913399649103,0.5341614906832298,0.9076257427497108,-0.3380658545377813
delay 2h,0.1,0.5,7,241,0.003886197498950015,-0.20638272347619055,0.2821576763485477,1.0268552874307797,-0.45939433407662905,161,-0.013785029867781531,-0.05167699847522898,0.36024844720496896,0.8562368701278749,-0.23175511883304062
delay 0.5h,0.2,0.1,7,241,0.0038702242422118103,0.19543962612264681,0.6639004149377593,1.0323131502429854,-0.44652920499483617,161,0.007553458736076689,0.05217671534993132,0.5652173913043478,1.0902141353668846,-0.4210858029200069
delay 0.5h,0.15,0.1,1,241,0.003821773364262321,0.17455207072089174,0.6099585062240664,1.0371630553014206,-0.34627910499483594,161,-0.0013953928381212634,0.015563585963313219,0.5590062111801242,0.9736214246389365,-0.3124064969624998
drop 10% (after 1h),0.45,0.5,1,227,0.0037548263004074066,0.11769081306352469,0.6123348017621145,1.0188970230037981,-0.9237698878256878,104,-0.02017904998335735,-0.006847639565452521,0.46153846153846156,0.7435935902383041,-0.9376023532642683
delay 0.5h,0.1,0.2,7,241,0.0036880438972720577,-0.20609008935135142,0.37344398340248963,1.03007270408489,-0.2460290049948362,161,-0.0006730838480762373,-0.04036136723853968,0.40993788819875776,0.9924227730879677,-0.2315090061538463
drop 10% (after 1h),0.1,0.3,1,227,0.003680064947997273,-0.2055512280706347,0.3700440528634361,1.0300057822620559,-0.30725336376543244,104,-0.015282869061015628,-0.014518551224738382,0.41346153846153844,0.7732281680761522,-0.23585165326426835
drop 20% (after 4h),0.3,0.1,1,211,0.0036335683247184993,0.1938652115464217,0.6777251184834123,1.0307447597662929,-0.6248565470273777,49,0.020131719334614096,0.09674781116203401,0.6122448979591837,1.2501491508545455,-0.609179747466912
drop 30% (after 4h),0.2,0.1,1,188,0.0036275300745190484,0.19121155265763434,0.6276595744680851,1.0323636876584072,-0.44487818594972073,24,-0.08980348829886507,-0.08156599241581233,0.4166666666666667,0.45984794165807064,-0.43556467763830775
delay 48h,0.3,0.1,7,241,0.003627473237822879,0.1972184685008207,0.7302904564315352,1.028187028473639,-0.6916258506243682,161,-0.00453973878797675,0.03345318338634223,0.5590062111801242,0.9495499342284057,-0.6179213837437327
drop 10% (after 1h),0.1,0.1,7,227,0.003577335671320815,0.17038935820108012,0.5198237885462555,1.036826497187471,-0.30725336376543244,104,0.01201788082994418,0.058297283576730106,0.5384615384615384,1.148230328430896,-0.2127826130497963
drop 20% (after 4h),0.1,0.3,7,211,0.003532897493040135,-0.20607378354363284,0.2890995260663507,1.023746704262015,-0.40023981306166,49,-0.006996759566720161,-0.19988303066957994,0.3469387755102041,0.9432979833369549,-0.2884775539946992
drop 15% (after 4h),0.1,0.2,1,217,0.0035219762237714814,-0.2040806933632451,0.423963133640553,1.0301627919195862,-0.3009949559808616,69,-0.004293300174168142,-0.02788750942739444,0.36231884057971014,0.9355912179206256,-0.23521893246794912
drop 20% (after 4h),0.15,0.3,7,211,0.0034575852735421,-0.3043181219336895,0.3791469194312796,1.0181347319896412,-0.5479148693857494,49,0.0033928740379418985,-0.03758207165287644,0.4489795918367347,1.023629813663325,-0.3379636930938385
delay 8h,0.45,0.5,3,241,0.0034502741394081267,0.08609102519923276,0.5933609958506224,1.0155587620521684,-0.9464988445065176,161,0.0027461731119820007,0.009736259195928538,0.5403726708074534,1.0332826955070378,-0.9361220128146969
delay 8h,0.1,0.1,7,241,0.0033819197223645477,0.07705037392838171,0.5103734439834025,1.036153837411171,-0.2722582990697676,161,-0.003109977881537352,-0.009561349233024931,0.4782608695652174,0.961180706829629,-0.22885002021877227
drop 15% (after 4h),,0.1,7,217,0.0033121860786564186,0.1980999999999998,0.7926267281105991,1.0220809364586454,-1.0,69,0.02634341997171684,0.18984576694883687,0.7246376811594203,1.2772935476693072,-1.0
delay 8h,,0.1,1,241,0.0033116420122462176,0.195210093316653,0.7344398340248963,1.0269217950702207,-1.0,161,-0.0037919047273349917,0.008125706957334151,0.5527950310559007,0.9213775302344197,-1.0
drop 15% (after 4h),,0.3,3,217,0.003303117885622653,0.13565885615730333,0.6082949308755761,1.013908441249167,-1.0,69,0.013049714409138675,0.032021152270531136,0.5652173913043478,1.1194409586360403,-1.0
drop 15% (after 4h),0.2,,7,217,0.0032746255965818687,-0.39459310328654545,0.4147465437788018,1.0143929799255564,-0.5536258686549814,69,0.043802383813964736,0.030994592873968257,0.5942028985507246,1.359051272030895,-0.4357191324679484
drop 10% (after 1h),0.1,0.1,3,227,0.003247760178432083,0.17038935820108012,0.5198237885462555,1.0336248776804313,-0.30725336376543244,104,0.0033986667550084835,-0.002997212413503806,0.5,1.0489299212001986,-0.2127826130497963
delay 8h,0.45,0.1,1,241,0.003242583349553619,0.19512453763713086,0.7302904564315352,1.0265232158158613,-0.945249504367816,161,-0.002805909827812745,0.008125706957334151,0.5527950310559007,0.9406072183619073,-0.9361220128146969
drop 20% (after 4h),0.15,0.2,7,211,0.0032187302425881353,-0.29701221022812446,0.4549763033175355,1.0193564057569477,-0.5479148693857494,49,-0.018094525240774217,-0.030826094212769935,0.46938775510204084,0.8682662759547417,-0.3379636930938385
drop 15% (after 4h),0.15,,3,217,0.003207556488989202,-0.30225732148033513,0.41013824884792627,1.0182056348378723,-0.5479148693857494,69,0.018062977516023492,7.804260836201393e-05,0.5072463768115942,1.1970668585776054,-0.3354690324679483
drop 15% (after 4h),,0.2,3,217,0.0031050427526959916,0.259328282402531,0.6497695852534562,1.014899096621432,-1.0,69,0.005568474826393569,0.03442829766847655,0.5797101449275363,1.052450053792672,-1.0
delay 8h,0.1,0.2,7,241,0.003103978772596378,-0.2037352199689747,0.3775933609958506,1.025549777353525,-0.3814025095906174,161,-0.016531084593437956,-0.059129573795279694,0.39751552795031053,0.8227269332327541,-0.22885002021877227
drop 20% (after 1h),0.2,0.1,3,211,0.0031033226139201837,0.19734605651554413,0.6682464454976303,1.0251442703822304,-0.4290734827376426,49,0.00561502591581317,0.08534110809523807,0.673469387755102,1.0575084990438064,-0.40881593697247687
delay 2h,0.2,,7,241,0.003060324017443961,-0.3695842678914673,0.42323651452282157,1.0142757644964762,-0.6423299420138356,161,0.006263100149207416,-0.00938764965024639,0.4658385093167702,1.0581194080248764,-0.4383159545377814
drop 20% (after 4h),0.3,0.3,7,211,0.003012487246030303,0.11364930939107848,0.5308056872037915,1.0117645812385379,-0.7649693332404918,49,-0.01739949546600105,0.03299572317276064,0.5102040816326531,0.9097114825106041,-0.6387139930938388
delay 1h,0.1,0.1,7,241,0.0029608709647793636,0.06814526723067005,0.5145228215767634,1.0312867958506053,-0.21734066258247428,161,0.0061586874627886905,-0.0014272410413885255,0.4968944099378882,1.083192247843426,-0.23163145990905926
drop 10% (after 1h),0.15,0.1,3,227,0.002947478331511312,0.19329424725046576,0.6035242290748899,1.026245830756964,-0.44707046540123446,104,0.008077677103871705,0.024679934698645493,0.5384615384615384,1.111299578161298,-0.3130327130497964
drop 10% (after 1h),0.2,,7,227,0.0029354746816278696,-0.4006940939925374,0.4008810572687225,1.0126945598469759,-0.5473205654012343,104,0.002297779743823016,0.008282183707987358,0.5096153846153846,1.0159443653695515,-0.43635185326426806
delay 48h,0.1,0.3,7,241,0.0028476021409718994,-0.2042875714682757,0.3360995850622407,1.0213881845830206,-0.2886860447194136,161,-0.010441567440782725,-0.03915210939589451,0.422360248447205,0.8839301323765334,-0.23924494645729788
drop 30% (after 1h),0.15,,3,188,0.002739952604993546,-0.30475285277511255,0.3882978723404255,1.0153592136447767,-0.47434024857550805,24,-0.12932609373422277,-0.30581077484161406,0.2916666666666667,0.3668789320384946,-0.31654063792654563
drop 20% (after 4h),0.3,0.3,3,211,0.0027158904622148683,0.049213924514474275,0.5402843601895735,1.0123128512198245,-0.6375441083878156,49,-0.017026003415823925,0.022666101137166893,0.5918367346938775,0.893827020198244,-0.6387139930938388
drop 20% (after 4h),0.45,0.1,1,211,0.0026754510109176784,0.1961440318092307,0.6966824644549763,1.0217592425792927,-0.9460858027784154,49,0.026157406698509664,0.09674781116203401,0.6122448979591837,1.3513269426564645,-0.9081812095641022
delay 0.5h,0.15,0.2,1,241,0.002666367915629284,-0.016259540453448983,0.4896265560165975,1.0193907153528237,-0.34627910499483594,161,0.0022471668890129944,0.009507188398549875,0.546583850931677,1.039641319390922,-0.3124064969624998
delay 48h,0.3,0.3,7,241,0.002664229704720853,0.04617470337849519,0.5435684647302904,1.0121403761879193,-0.7018232075983458,161,-0.009406921603082324,0.007898169919632818,0.5093167701863354,0.9121877629378032,-0.6285870990727567
delay 8h,0.1,0.2,3,241,0.002500010422486458,-0.20109675180056352,0.3900414937759336,1.0216045000722878,-0.3814025095906174,161,-0.004537649320176074,-0.004103595686138746,0.4720496894409938,0.9343060018146567,-0.2160529892401905
delay 8h,0.45,0.2,3,241,0.0024999589184596356,0.1475872334931435,0.6431535269709544,1.0129036032785022,-0.9464988445065176,161,0.0007604580215328625,0.012986216064400785,0.546583850931677,1.0098893162026594,-0.9361220128146969
drop 30% (after 1h),0.2,,3,188,0.0024917793880962253,-0.13083055533471813,0.4627659574468085,1.012345785580171,-0.5768283474288853,24,-0.14495079531913427,-0.3888707595855038,0.3333333333333333,0.4046280297254283,-0.43556467763830775
delay 4h,0.3,0.1,1,241,0.0024839803021287207,0.193299358394044,0.7053941908713693,1.020783670654632,-0.6247047107137916,161,0.01552259458341553,0.012834832280019432,0.5590062111801242,1.4067203455116712,-0.6091846948045723
delay 2h,0.2,0.3,1,241,0.0023219584830198856,0.020350296413559982,0.5352697095435685,1.0152930569378957,-0.6423299420138356,161,-0.007406285628684301,0.009220170875576153,0.5403726708074534,0.8789550177343526,-0.4383159545377814
drop 30% (after 1h),0.45,0.1,1,188,0.00231959310344502,0.19495471657933872,0.6861702127659575,1.0189260347829476,-0.9307647315626276,24,-0.08692669952821863,-0.06715854958820194,0.4583333333333333,0.4935457893359503,-0.936815177638308
delay 1h,0.3,0.5,3,241,0.002138914528605325,0.03190217669591583,0.5311203319502075,1.0094214047249346,-0.6553501388117715,161,0.017191553521960147,0.01906315789473695,0.5714285714285714,1.2322452411339422,-0.6351934205757953
delay 8h,,0.1,3,241,0.002120261426155732,0.19713852208796498,0.7510373443983402,1.0154426764200697,-1.0,161,0.009334905092499202,0.028001198662139237,0.5900621118012422,1.1398865402809875,-1.0
drop 10% (after 1h),0.45,0.1,7,227,0.002105546258602723,0.19809999999999983,0.775330396475771,1.0143015804080522,-0.9237698878256878,104,0.009233867640303239,0.1917384075849578,0.6826923076923077,1.0881188905759471,-0.9082528999999998
drop 15% (after 4h),0.2,0.1,1,217,0.00208369022347289,0.19176080103359155,0.6543778801843319,1.0179988714901567,-0.5423873681977669,69,-0.01708947458987311,-0.014490477334288753,0.42028985507246375,0.7763073950196585,-0.4084235587053809
delay 4h,0.45,0.3,3,241,0.002047267682271928,0.1133223079925551,0.6141078838174274,1.0088492546185022,-0.9462847290163011,161,0.015207891447803988,0.017945106829454438,0.5714285714285714,1.1945513782376682,-0.9374789812395514
delay 0.5h,0.3,0.3,3,241,0.0020069799427322585,0.05819035894623478,0.5601659751037344,1.0089527052553544,-0.6989575241297236,161,0.018248504108040152,0.01545838926174499,0.5714285714285714,1.244050389479519,-0.6078847028908279
drop 20% (after 4h),0.45,0.3,3,211,0.002003354930680219,0.11236723560557363,0.5971563981042654,1.0086326059820425,-0.9475704410108763,49,-0.05357930436689715,0.022666101137166893,0.5918367346938775,0.7279054455854164,-0.939464293093838
drop 15% (after 4h),0.3,0.2,7,217,0.0019602773706872178,0.3698226935569367,0.5990783410138248,1.0089790923397945,-0.7778929810685807,69,0.011575941978757548,0.05581269329801312,0.6376811594202898,1.0798114325268886,-0.6362193324679486
drop 10% (after 1h),0.15,0.2,1,227,0.0019158077564096724,-0.05999206531054134,0.4801762114537445,1.0135952388995488,-0.44707046540123446,104,-0.007685542086985257,-0.00829133417406625,0.4519230769230769,0.8832435515089132,-0.30817012163480945
drop 30% (after 1h),0.15,0.1,1,188,0.0019119647144732544,0.18948491852985533,0.5797872340425532,1.018031641895145,-0.32694727364324316,24,-0.05975538680584606,-0.08156599241581233,0.4166666666666667,0.561292599731144,-0.31654063792654563
drop 30% (after 1h),0.15,0.1,7,188,0.001891101709452196,0.1956802220809323,0.6170212765957447,1.0161660544079831,-0.32694727364324316,24,-0.08926630354022247,-0.30168442836440934,0.4583333333333333,0.46529997714807514,-0.31654063792654563
delay 0.5h,0.2,,1,241,0.0018397041949782397,-0.004767080547881188,0.49377593360995853,1.0108444259407432,-0.44652920499483617,161,-0.00858402556062072,0.00864943699689317,0.5403726708074534,0.8705334347524507,-0.41265659696249984
drop 30% (after 1h),,0.5,7,188,0.0017941916478394755,0.12209747561087492,0.5638297872340425,1.0053561999788785,-1.0,24,-0.07191697571323623,0.12682332720012335,0.625,0.7539127062534396,-1.0
drop 15% (after 1h),0.2,0.1,1,217,0.0017927419314539303,0.1943097958842442,0.6497695852534562,1.015330300749746,-0.5423873681977669,69,-0.017023294062088926,-0.014490477334288753,0.42028985507246375,0.7769274286342382,-0.4084235587053809
drop 30% (after 4h),0.1,,3,188,0.0017867423678844252,-0.20593696782542112,0.324468085106383,1.0128169891233227,-0.3740901485755085,24,-0.11870441639727462,-0.20586563666335594,0.20833333333333334,0.2290556796401877,-0.216290537926546
delay 1h,0.45,,7,241,0.0017337247525505669,0.09394885459116972,0.5643153526970954,1.0056999155056694,-1.0,161,0.023281238598705525,0.026810526315789764,0.5403726708074534,1.2201558828977361,-0.9359437205757952
drop 20% (after 4h),0.2,0.5,3,211,0.0016159882365241933,-0.1515764533283966,0.45023696682464454,1.008050012870497,-0.4621437022768727,49,-0.011832351860349992,0.01474526471028035,0.5510204081632653,0.916051917142309,-0.4382137930938384
delay 1h,0.15,0.1,7,241,0.0016037231970449102,0.19438224473684193,0.5975103734439834,1.0142851351686144,-0.38839373426294793,161,0.020896804051179024,0.04977451400215151,0.5714285714285714,1.2879153869891495,-0.33299902063088255
drop 10% (after 1h),0.45,0.2,1,227,0.001586240130074196,0.1433733774064837,0.6431718061674009,1.0088815633794637,-0.9237698878256878,104,-0.008185892597271703,-0.004779470329754069,0.47115384615384615,0.8825284919103111,-0.9082528999999998
drop 30% (after 1h),0.45,,7,188,0.0015737308747886074,0.10750227040339926,0.5531914893617021,1.0048800096367554,-1.0,24,-0.05301903942783778,0.12682332720012335,0.625,0.8060353253593403,-0.936815177638308
delay 0.5h,0.1,0.1,1,241,0.001499819793002145,0.02302663933665003,0.5311203319502075,1.0166576430117615,-0.2460290049948362,161,0.0037280545919868404,0.015563585963313219,0.5590062111801242,1.0780331433342112,-0.21109792247442802
delay 8h,0.1,0.5,3,241,0.001460811638741172,-0.20387321915502954,0.34024896265560167,1.0115330199931465,-0.3814025095906174,161,-0.0035500904067322344,-0.004653846153846098,0.4658385093167702,0.9495381017912383,-0.2160529892401905
drop 15% (after 1h),0.3,0.2,1,217,0.0014113079885277279,0.08646981281553384,0.5898617511520737,1.0080519331414717,-0.7778929810685807,69,-0.042375493322907645,-0.024863078330446715,0.37681159420289856,0.6037374315865612,-0.6390635170305858
drop 15% (after 4h),0.1,0.2,7,217,0.0013350157927920097,-0.20579238643010594,0.35944700460829493,1.0100469220812731,-0.3009949559808616,69,0.02955327622920977,0.00506351616669562,0.5072463768115942,1.3214236751544426,-0.23521893246794912
drop 10% (after 1h),0.1,0.1,1,227,0.0012571158074781187,0.02031069112762924,0.5110132158590308,1.0133834293601045,-0.30725336376543244,104,-0.004257236099414948,-0.005994155144979564,0.47115384615384615,0.92548061211188,-0.20661453377049196
delay 0.5h,0.2,0.1,3,241,0.0011891961242811407,0.1952051492351698,0.6639004149377593,1.0098776528823796,-0.44652920499483617,161,-0.0007152372704645939,0.01757820360487633,0.5714285714285714,0.9900911114626175,-0.4210858029200069
drop 15% (after 1h),0.1,0.5,3,217,0.0011562074674399735,-0.20629561211226036,0.2903225806451613,1.0079564530363583,-0.3009949559808616,69,0.01491912179957606,-0.03477068906672286,0.463768115942029,1.179316301955846,-0.22092273959222908
drop 15% (after 4h),0.1,,1,217,0.00113419474871108,-0.2053937956303894,0.391705069124424,1.0091810093018576,-0.3009949559808616,69,-0.00389950235922819,-0.02788750942739444,0.36231884057971014,0.9414990362927046,-0.23521893246794912
delay 2h,0.2,0.2,7,241,0.001008221913002645,0.049861682986587885,0.5228215767634855,1.005790297791476,-0.6423299420138356,161,-0.0045616300756153175,-0.00916817570982535,0.4720496894409938,0.9573571270578829,-0.4383159545377814
drop 15% (after 1h),0.1,0.3,3,217,0.0009761929968794704,-0.2062927504791621,0.31797235023041476,1.0069795175282574,-0.3009949559808616,69,0.008227568724185253,-0.03477068906672286,0.463768115942029,1.0988890108632534,-0.22092273959222908
delay 1h,0.3,0.2,1,241,0.000900153781236055,0.07623002593710766,0.5975103734439834,1.005426498394449,-0.6542691198237885,161,0.013482819501764932,0.01761440881997043,0.5652173913043478,1.2687914592777134,-0.6078686488728261
drop 30% (after 4h),0.45,0.5,3,188,0.0008933937464852979,0.12999585101308556,0.5904255319148937,1.003814164889184,-0.9647272136144918,24,-0.08819889432997846,0.04706615417806585,0.5416666666666666,0.6673700797739857,-0.936815177638308
drop 30% (after 4h),0.15,0.5,3,188,0.0008792787621153914,-0.3017981510813307,0.39893617021276595,1.004979600056984,-0.5479148693857494,24,-0.12932603669867265,-0.30581077484161406,0.2916666666666667,0.36687903447839193,-0.31654063792654563
drop 30% (after 1h),0.1,,3,188,0.000878514591867182,-0.20628462543072118,0.30319148936170215,1.0060987788877622,-0.3740901485755085,24,-0.11870447343282475,-0.20586563666335594,0.20833333333333334,0.22905559479197957,-0.216290537926546
delay 24h,0.45,,3,241,0.0008757970741576766,0.0654603934183364,0.5933609958506224,1.0045022278197433,-1.0,161,0.01484002600167895,0.02107145007429406,0.5652173913043478,1.225421859626466,-0.9659127341216309
drop 30% (after 4h),0.1,0.2,1,188,0.0008725298873885316,-0.20453977445938082,0.39361702127659576,1.0073641944281218,-0.23422218329527478,24,-0.06623729898493298,-0.20353501607089808,0.25,0.4921750699152091,-0.216290537926546
delay 4h,0.45,0.1,3,241,0.0008612421571109086,0.19738950369954833,0.7634854771784232,1.0061594442237898,-0.9462847290163011,161,0.027798986466488904,0.03998243641304332,0.6211180124223602,1.4944858372825522,-0.9198258686393802
drop 30% (after 4h),0.3,,3,188,0.0006746233294058775,0.08534993854361558,0.5425531914893617,1.0031001874044556,-0.7779488886106537,24,-0.08356647515216123,0.01320870137871246,0.5,0.6527865130812327,-0.6360648776383081
drop 20% (after 1h),0.3,0.1,1,211,0.0006442144293971831,0.19716036220869557,0.6777251184834123,1.00520184857569,-0.6295736827376427,49,0.02000935889519393,0.09674781116203401,0.6122448979591837,1.2490416896294168,-0.6075704608461537
delay 24h,,0.2,7,241,0.0005547937057391129,0.3374471131789454,0.6804979253112033,1.0024727111584792,-1.0,161,0.03186185376551414,0.05461841406696677,0.5714285714285714,1.3646521147142106,-1.0
delay 4h,0.3,0.1,7,241,0.0005546907772268913,0.19733959954820746,0.7344398340248963,1.0040379122875143,-0.6371265017425521,161,0.030633357102539432,0.09128430604192342,0.6149068322981367,1.4245340526569314,-0.6445792014962551
delay 0.5h,,,7,241,0.0005127332052048537,0.08731575677667117,0.5601659751037344,1.001608605751137,-1.0,161,0.016613165813303615,0.01953496803919336,0.5341614906832298,1.1477458927766224,-1.0
drop 10% (after 4h),0.15,0.5,3,227,0.0004649097312340137,-0.2993403360298116,0.3920704845814978,1.0026699976664077,-0.5479148693857494,104,0.0014835693104787082,-0.014184123448543154,0.46153846153846156,1.0162383562677342,-0.3354690324679483
delay 1h,0.1,0.1,1,241,0.0003329887506285288,0.017889152324268177,0.5186721991701245,1.0037044733462634,-0.21734066258247428,161,0.013708014039114943,0.019840109717420458,0.577639751552795,1.3339536528331157,-0.21204213578689574
drop 15% (after 4h),0.45,0.1,7,217,0.00031049895518539495,0.1980999999999998,0.7788018433179723,1.0020675437320796,-0.9475704410108763,69,0.028537059189293307,0.18984576694883687,0.7246376811594203,1.3074839696463392,-0.9197918304963233
drop 15% (after 1h),0.45,0.1,7,217,0.00029839539095991745,0.1980999999999998,0.7695852534562212,1.0020066336048583,-0.9433180325565308,69,0.012230736622319232,0.18984576694883687,0.7101449275362319,1.115310340957202,-0.9082529
drop 10% (after 4h),0.3,0.5,3,227,0.00028271569427753635,0.04324210290285339,0.5198237885462555,1.001245605795131,-0.7816917435956793,104,0.007795281835063993,-0.006840934285521854,0.49038461538461536,1.0788854364453586,-0.6362193324679486
drop 15% (after 4h),0.15,0.1,3,217,0.00027475541190850964,0.18964617555917038,0.6175115207373272,1.0023937163087329,-0.4421372681977671,69,0.00948894495650479,0.03442829766847655,0.5652173913043478,1.1267803710096898,-0.3081734587053807
drop 10% (after 1h),0.3,0.3,1,227,0.0001243915066016457,0.06117692613185081,0.5682819383259912,1.000669512866843,-0.7816917435956793,104,-0.012974870595518504,-0.006847639565452521,0.46153846153846156,0.8241891098817923,-0.6368520532642682
drop 10% (after 1h),0.1,0.2,1,227,0.00010862713775959232,-0.20419755097779585,0.3964757709251101,1.0009279578407788,-0.30725336376543244,104,-0.012902433721918799,-0.01156664623224744,0.4230769230769231,0.8018830803618797,-0.20792002163480977
delay 1h,,0.3,3,241,8.385693972321662e-05,0.12831244079803553,0.6224066390041494,1.0003414320015416,-1.0,161,0.020457291308670227,0.024755814942494906,0.5900621118012422,1.286640784585537,-1.0
drop 20% (after 4h),0.1,0.1,1,211,7.156023751760508e-05,0.06993524413323228,0.5213270142180095,1.0007482365439695,-0.26320717166550556,49,0.009750740587761476,0.04569138317376254,0.5306122448979592,1.130257315089685,-0.21085128761542657
drop 20% (after 1h),0.15,0.1,7,211,5.956411166185645e-05,0.19496087186529504,0.6113744075829384,1.0005096724789118,-0.3626906706873998,49,0.010799756223071175,0.19255491906987451,0.6326530612244898,1.1046100748339929,-0.3193011228021509
drop 10% (after 1h),0.15,0.1,1,227,3.161773802364777e-05,0.18637999277953032,0.5903083700440529,1.0002876145628794,-0.44707046540123446,104,0.001960564268105611,0.00010974545000069606,0.5,1.035547453220253,-0.3068646337704917
drop 20% (after 4h),0.1,,7,211,3.0828403762801686e-05,-0.20620542715842416,0.24644549763033174,1.0001948224879222,-0.40023981306166,49,-0.003384293559538051,-0.19988303066957994,0.3469387755102041,0.9725735509451675,-0.2884775539946992
drop 20% (after 4h),0.15,0.1,1,211,2.5684324542213156e-09,0.1754369650210525,0.5971563981042654,1.0000000237918285,-0.3348139402545739,49,0.01681434970947015,0.08362308326965465,0.5714285714285714,1.2221570620478974,-0.3067522999999997
delay 0.5h,0.45,0.3,1,241,-1.794913635528906e-05,0.08321668300922648,0.6141078838174274,0.9999122163164624,-1.0,161,0.0010379182124758727,0.015933394219066824,0.5652173913043478,1.0156729771713602,-0.9436979062283894
drop 20% (after 4h),,0.3,3,211,-5.118466685841708e-05,0.11236723560557363,0.6018957345971564,0.9997816013980351,-1.0,49,-0.045331221648415194,0.022666101137166893,0.5918367346938775,0.7597279145023035,-1.0
delay 2h,0.1,0.1,3,241,-6.893721662333659e-05,0.028892233237460412,0.5186721991701245,0.9992703652447753,-0.24730158508839378,161,0.004127432719176264,0.00258127702874604,0.5031055900621118,1.0664398390086254,-0.22048392711218107
delay 0.5h,,0.3,3,241,-0.00018216052116511232,0.13166418189075638,0.6224066390041494,0.9992742402427929,-1.0,161,0.011008280306323757,0.01545838926174499,0.5714285714285714,1.1342248409827629,-1.0
delay 2h,0.15,0.2,1,241,-0.0002687067327595254,0.007637809625874972,0.5103734439834025,0.997948390561734,-0.5420798420138355,161,-0.0049325983044474385,0.008771913399649103,0.5341614906832298,0.9141984088215118,-0.3380658545377813
drop 20% (after 4h),0.2,0.1,7,211,-0.0002739939187325655,0.19729650074323798,0.6729857819905213,0.9978510652602989,-0.4629407706873996,49,0.01398286339950183,0.19445193192549243,0.673469387755102,1.1295956614009486,-0.40881593697247687
delay 0.5h,0.3,0.3,1,241,-0.0002949072797951872,0.05220505389788995,0.5601659751037344,0.9984636649513897,-0.6989575241297236,161,0.008744279470865075,0.015933394219066824,0.5652173913043478,1.1494312780238314,-0.6078847028908279
drop 15% (after 4h),,0.1,3,217,-0.00033912499411782983,0.19758477237681824,0.7695852534562212,0.9976457800768898,-1.0,69,0.028882159423430098,0.051920535749024485,0.6231884057971014,1.4607218503353068,-1.0
drop 10% (after 1h),,0.3,1,227,-0.00035503280017931324,0.12921314285604457,0.6255506607929515,0.9982509143318006,-1.0,104,-0.02028471596991352,-0.006847639565452521,0.46153846153846156,0.7499110298568543,-1.0
drop 10% (after 1h),,0.3,3,227,-0.0004006807065776218,0.15266829208354918,0.6079295154185022,0.9983884359038707,-1.0,104,-0.009696966657045725,-0.006840934285521854,0.4807692307692308,0.9130571245060645,-1.0
drop 20% (after 1h),0.1,0.5,1,211,-0.00040788455416743304,-0.2059781411146164,0.36018957345971564,0.9968380319526341,-0.26320717166550556,49,-0.004711701734533367,-0.03920963992380953,0.46938775510204084,0.9461407455844967,-0.2090264695766659
drop 30% (after 1h),0.1,0.2,1,188,-0.00043872999826669593,-0.20590862867922052,0.3829787234042553,0.9963595971112525,-0.24884163353737826,24,-0.06623735602048311,-0.20353501607089808,0.25,0.4921748546982655,-0.216290537926546
delay 0.5h,0.3,0.5,1,241,-0.0004718456096624636,0.025943638077285502,0.5435684647302904,0.9975975456628998,-0.6989575241297236,161,0.004562667555381066,0.015933394219066824,0.5652173913043478,1.077971575161814,-0.6078847028908279
delay 1h,0.2,0.5,1,241,-0.0005078075677778031,-0.0013018143754362252,0.4979253112033195,0.9969718123717008,-0.4886438342629481,161,0.004575644635226059,0.016716291642914098,0.5590062111801242,1.082447606352271,-0.4346932205757953
drop 15% (after 4h),0.45,0.3,3,217,-0.0005268554181222304,0.1278583131513496,0.5990783410138248,0.9977987990549073,-0.9475704410108763,69,0.017838769823018845,0.032021152270531136,0.5652173913043478,1.170758946600885,-0.9369696324679483
drop 20% (after 1h),0.1,0.2,1,211,-0.0005772466372067211,-0.20570324308384055,0.3933649289099526,0.9952705513147576,-0.26320717166550556,49,0.00031413356906133264,-0.03920963992380953,0.46938775510204084,1.0035908469529218,-0.2090264695766659
drop 30% (after 4h),0.45,,7,188,-0.0005913868295764334,0.11534280602874335,0.5585106382978723,0.9981101382571131,-1.0,24,-0.05302523358547129,0.12682332720012335,0.625,0.8060170604603463,-0.936815177638308
drop 15% (after 1h),0.15,0.1,7,217,-0.0006778128599354348,0.19213952807126652,0.6082949308755761,0.9942539569741065,-0.4421372681977671,69,0.03496250558068191,0.18038233435238316,0.6666666666666666,1.4529038543273631,-0.30845639939655145
drop 15% (after 1h),0.1,0.3,7,217,-0.000722320245802323,-0.2063985449593884,0.2903225806451613,0.9951095528296731,-0.3009949559808616,69,0.023981054723494887,-0.04221263496291883,0.4782608695652174,1.2459620813933219,-0.22092273959222908
drop 20% (after 1h),0.45,0.5,3,211,-0.0007499770212871182,0.057417017151134606,0.5687203791469194,0.9970426517813001,-0.9628621632446133,49,-0.08087142653961542,0.018409280190159676,0.5714285714285714,0.6244385205686902,-0.939813817030585
drop 15% (after 4h),0.3,0.5,7,217,-0.0008382934449117002,-0.025052182810368372,0.48847926267281105,0.9970454507599583,-0.7778929810685807,69,0.039928158199354795,0.04175527953338383,0.6231884057971014,1.2698876733875921,-0.6362193324679486
delay 1h,0.15,0.1,1,241,-0.00085530904307523,0.16786782216212376,0.5933609958506224,0.9918628318100267,-0.38839373426294793,161,0.011228340802732686,0.019840109717420458,0.577639751552795,1.257960722158367,-0.3122922357868949
drop 20% (after 1h),0.45,0.1,7,211,-0.0009009481311393396,0.1980999999999999,0.7867298578199052,0.9940275384139357,-0.9628621632446133,49,-0.01562583053404706,0.19510041882352927,0.7142857142857143,0.8924180744360548,-0.9111891164018957
drop 15% (after 4h),0.3,0.2,3,217,-0.0009271712478997202,0.18323984388701514,0.5990783410138248,0.9953729126507269,-0.7778929810685807,69,-0.006893828663802179,0.020588207563431302,0.5507246376811594,0.938574373975042,-0.6362193324679486
drop 15% (after 1h),0.2,0.2,7,217,-0.0009451379446925319,0.12246387377844845,0.511520737327189,0.9950173224135285,-0.5423873681977669,69,0.024197263652043426,0.034456524098133906,0.6086956521739131,1.2028109839048184,-0.4385633170305853
drop 30% (after 4h),,0.2,3,188,-0.0009693785414101438,0.2675572805168609,0.6382978723404256,0.9954716817661518,-1.0,24,-0.11944066612782829,0.04706615417806585,0.5416666666666666,0.5779851037815907,-1.0
drop 10% (after 1h),0.2,0.3,1,227,-0.0010186066338208515,-0.004308166227862407,0.4933920704845815,0.9940471917796698,-0.5473205654012343,104,-0.018559822910064333,-0.0087537255695452,0.4423076923076923,0.7558779083830803,-0.43635185326426806
drop 15% (after 1h),0.2,0.2,3,217,-0.0010328716769693368,0.05463552259742891,0.5299539170506913,0.9941392372901878,-0.5423873681977669,69,-0.00587242238033036,0.006714294886914515,0.5217391304347826,0.9429859410113512,-0.4385633170305853
drop 15% (after 1h),,,3,217,-0.001082991685714692,0.08598846730997038,0.5898617511520737,0.9958199080332764,-1.0,69,-0.005092175708094798,0.020588207563431302,0.5507246376811594,0.9591947937416191,-1.0
delay 48h,0.1,0.5,7,241,-0.0011022799728711858,-0.20436795162016141,0.3236514522821577,0.9918670654642523,-0.2886860447194136,161,-0.0017683810643219964,-0.03915210939589451,0.422360248447205,0.9803424383161086,-0.23924494645729788
delay 8h,0.45,0.1,3,241,-0.0011666139473313797,0.19705353888497537,0.7385892116182573,0.9915879660929905,-0.9464988445065176,161,0.01082410064838841,0.028001198662139237,0.5900621118012422,1.1659049592924422,-0.9361220128146969
delay 2h,0.2,0.2,1,241,-0.0011681937492156414,0.04388477802636077,0.5560165975103735,0.9918557132004623,-0.6423299420138356,161,-0.007221376556952597,0.009220170875576153,0.5403726708074534,0.8819770879637042,-0.4383159545377814
delay 2h,0.15,0.2,3,241,-0.0012403114599318294,-0.06070141155190504,0.4730290456431535,0.9918083253281778,-0.5420798420138355,161,-0.004976808956074377,-0.0001395935715232464,0.4968944099378882,0.9329143528073901,-0.3380658545377813
drop 10% (after 1h),0.3,0.3,3,227,-0.0012421730064040358,0.04324210290285339,0.5330396475770925,0.9944646321167261,-0.7816917435956793,104,-0.0037148559626863473,-0.011464334669687014,0.47115384615384615,0.9644500625008698,-0.6368520532642682
drop 10% (after 1h),0.45,0.2,3,227,-0.001317414493279631,0.2644932049157129,0.6431718061674009,0.9938172764675559,-0.9500755366203062,104,0.00081765402327209,-0.0005855026005633085,0.5,1.0083236741741393,-0.9180076446620045
delay 1h,0.2,0.1,7,241,-0.0013284213475641725,0.19545480017030847,0.6514522821576764,0.9892936593143185,-0.4886438342629481,161,0.018176134377887905,0.05847616187380935,0.5838509316770186,1.2337440069988894,-0.4211729984727955
drop 10% (after 1h),0.1,0.5,1,227,-0.0013398950133252027,-0.20574849747155016,0.36123348017621143,0.9892401256436194,-0.30725336376543244,104,-0.01758772590236924,-0.014518551224738382,0.41346153846153844,0.7390280053875087,-0.23585165326426835
delay 2h,0.3,0.3,1,241,-0.001342588961048433,0.06036299161420208,0.6016597510373444,0.9920933956096406,-0.8765709473481939,161,-0.003128574602210668,0.00973545563224405,0.546583850931677,0.9468533746739435,-0.6388161545377817
drop 30% (after 1h),0.2,0.1,1,188,-0.0013677659194725068,0.19264224726689227,0.6117021276595744,0.988171427146688,-0.44487818594972073,24,-0.08980354533441519,-0.08156599241581233,0.4166666666666667,0.45984778390327824,-0.43556467763830775
drop 10% (after 1h),0.15,0.5,3,227,-0.0014450492001946323,-0.3038243094370859,0.3568281938325991,0.9921523011078615,-0.44707046540123446,104,0.009360468130829965,-0.015896713701589207,0.4519230769230769,1.1048020608132332,-0.3361017532642684
drop 10% (after 1h),0.1,0.2,7,227,-0.0014592930956211132,-0.20593214700984114,0.3568281938325991,0.9888129120835328,-0.30725336376543244,104,0.021288334230523884,-0.05866699647195245,0.46153846153846156,1.2242875808970384,-0.2127826130497963
drop 20% (after 4h),0.2,0.1,3,211,-0.0015187960030454343,0.1970538476043955,0.6587677725118484,0.9878465376942139,-0.4350640402545744,49,0.005846853522391732,0.08534110809523807,0.673469387755102,1.059868150809712,-0.40881593697247687
drop 20% (after 1h),0.15,0.1,3,211,-0.0015926953008009873,0.19418015469833722,0.6066350710900474,0.9862674502580017,-0.3263332795994631,49,0.00262053338047327,0.048216639184423184,0.6326530612244898,1.0281633906593959,-0.3193011228021509
drop 30% (after 4h),0.1,0.5,1,188,-0.001633250771394136,-0.20549101900068034,0.3617021276595745,0.9869398741625678,-0.23422218329527478,24,-0.08999112146862993,-0.20533806782290903,0.20833333333333334,0.3525418383816311,-0.216290537926546
delay 48h,0.2,0.5,7,241,-0.00163764465956653,-0.12118716998921396,0.44398340248962653,0.9919656762015281,-0.5013445561589105,161,-0.0074462563277812345,-0.005625634688878056,0.4906832298136646,0.9322356605882675,-0.4397451464572975
delay 0.5h,0.45,0.5,1,241,-0.001638720933885856,0.06781788753237121,0.5975103734439834,0.9922026724787869,-1.0,161,-0.0031436937030081364,0.015933394219066824,0.5652173913043478,0.9525289767066876,-0.9436979062283894
delay 1h,0.2,0.1,3,241,-0.0016836468438812453,0.19517213596914162,0.6597510373443983,0.9862691590219149,-0.4886438342629481,161,0.015437684124331934,0.02895634448566192,0.6024844720496895,1.2448549035813834,-0.4211729984727955
delay 2h,0.1,,7,241,-0.0016958341622954174,-0.20638272347619055,0.27800829875518673,0.9883426726022612,-0.45939433407662905,161,-0.013128702422237614,-0.05167699847522898,0.36024844720496896,0.8630816639874006,-0.23175511883304062
drop 20% (after 4h),0.45,0.1,7,211,-0.0017189931201227803,0.1980999999999999,0.7914691943127962,0.9887175418694077,-0.9475704410108763,49,-0.015704730972778143,0.19510041882352927,0.7142857142857143,0.8921234458434878,-0.9197918304963233
drop 20% (after 1h),0.1,,1,211,-0.0017395940249510552,-0.2059781411146164,0.36018957345971564,0.986514466737993,-0.26320717166550556,49,-0.004711701734533367,-0.03920963992380953,0.46938775510204084,0.9461407455844967,-0.2090264695766659
delay 2h,0.3,0.3,7,241,-0.00175331837883362,0.06515999728091737,0.5311203319502075,0.9926932993538604,-0.8765709473481939,161,9.480045470496774e-05,-0.002261827425157726,0.4968944099378882,1.0008418523420628,-0.6449367523072349
drop 20% (after 4h),0.1,0.3,3,211,-0.0019229740041218394,-0.20593323683492493,0.3175355450236967,0.986438448610301,-0.3563684850115252,49,-0.004897285015685114,-0.062197352577030865,0.46938775510204084,0.9512872908170846,-0.237713593093839
delay 2h,0.2,,1,241,-0.001980552077887476,0.019115262779456205,0.5269709543568465,0.9871102217829705,-0.6423299420138356,161,-0.007599228774798101,0.009220170875576153,0.5403726708074534,0.8758016422273143,-0.4383159545377814
drop 30% (after 1h),,0.1,7,188,-0.0020406282252439403,0.19809999999999983,0.8031914893617021,0.9868688462690542,-1.0,24,-0.13880927993274528,0.17125671054864616,0.6666666666666666,0.446037128526962,-1.0
drop 10% (after 1h),0.15,0.5,1,227,-0.0020475130933785193,-0.11198137881122555,0.43612334801762115,0.9867611912029758,-0.44707046540123446,104,-0.013895039857686291,-0.0087537255695452,0.4423076923076923,0.7987893127884825,-0.3361017532642684
delay 0.5h,0.45,0.3,3,241,-0.002093916758922003,0.13077705429642283,0.6141078838174274,0.9915987295091166,-1.0,161,0.013710654483022134,0.01545838926174499,0.5714285714285714,1.1728712587967147,-0.9436979062283894
delay 0.5h,0.45,0.1,7,241,-0.002128134287507913,0.1980999999999998,0.7759336099585062,0.9855180258667403,-1.0,161,0.01164722320916599,0.06986366482062767,0.6086956521739131,1.1341428381260243,-0.9436979062283894
delay 0.5h,0.45,,7,241,-0.0021586308881074937,0.07281418594354445,0.5435684647302904,0.9932119499781421,-1.0,161,0.018331720314434394,0.01953496803919336,0.5341614906832298,1.1655598708423958,-0.9436979062283894
delay 0.5h,0.3,0.5,3,241,-0.002189909922895019,0.04277227238924778,0.5352697095435685,0.9907702496184803,-0.6989575241297236,161,0.01979235535983506,0.01545838926174499,0.5714285714285714,1.2646974242758113,-0.6078847028908279
delay 4h,0.15,,3,241,-0.002280060730306775,-0.29299450081089984,0.4107883817427386,0.9861614945932858,-0.48746501306429524,161,0.006535954712804875,0.00973406437351863,0.5341614906832298,1.0897804049496538,-0.3359783812395514
drop 15% (after 1h),0.3,0.5,3,217,-0.0023040958040681497,0.013418572150704248,0.5161290322580645,0.9905670617437576,-0.7778929810685807,69,-0.011754153822649297,0.006714294886914515,0.5217391304347826,0.9038082080081408,-0.6390635170305858
delay 2h,0.2,0.5,3,241,-0.0024106496055253004,-0.07728308293996777,0.46887966804979253,0.9877552029953234,-0.6423299420138356,161,0.0017412966866189707,0.0026325235683535286,0.5093167701863354,1.0224090726001829,-0.4383159545377814
delay 1h,0.3,,1,241,-0.002427410920268173,0.05125484138271597,0.5643153526970954,0.9868393505450438,-0.6542691198237885,161,0.005967055685657184,0.016716291642914098,0.5590062111801242,1.1102841527755605,-0.6351934205757953
drop 15% (after 4h),0.2,0.5,3,217,-0.0024525359212522577,-0.1183775671499743,0.45161290322580644,0.9878465527000101,-0.5423873681977669,69,0.018507649642706958,0.006714294886914515,0.5217391304347826,1.1856915204616778,-0.4357191324679484
drop 15% (after 1h),0.3,0.5,1,217,-0.00249763599418626,0.051072980904255466,0.5529953917050692,0.9871421311651952,-0.7778929810685807,69,-0.04423021253764762,-0.024863078330446715,0.37681159420289856,0.5863935438324259,-0.6390635170305858
drop 15% (after 4h),0.45,0.1,3,217,-0.0026102758518370944,0.1974046087501512,0.7603686635944701,0.9820193230530762,-0.9475704410108763,69,0.030044596662613818,0.051920535749024485,0.6231884057971014,1.4883196772678937,-0.9197918304963233
drop 10% (after 1h),0.15,,3,227,-0.0026523627722712835,-0.3038243094370859,0.3568281938325991,0.985595684640565,-0.44707046540123446,104,0.009360468130829965,-0.015896713701589207,0.4519230769230769,1.1048020608132332,-0.3361017532642684
drop 10% (after 1h),0.45,,1,227,-0.0027161790467483066,0.11643205378607799,0.6079295154185022,0.9863348498360076,-0.9237698878256878,104,-0.02017904998335735,-0.006847639565452521,0.46153846153846156,0.7435935902383041,-0.9376023532642683
drop 15% (after 4h),0.45,0.2,3,217,-0.0027168108239157265,0.23892833893436666,0.6405529953917051,0.9871949806458248,-0.9475704410108763,69,0.01035753024027374,0.03442829766847655,0.5797101449275363,1.10216729951482,-0.9369696324679483
drop 30% (after 1h),,0.1,3,188,-0.00277111066737285,0.19809999999999978,0.7659574468085106,0.9811670496974677,-1.0,24,-0.13551728072534802,0.11548074467781018,0.625,0.4381166487993877,-1.0
delay 0.5h,,0.3,1,241,-0.002797556183691587,0.08480851464549087,0.6224066390041494,0.9865571498477668,-1.0,161,-0.0010616104315388927,0.015933394219066824,0.5652173913043478,0.9844618771504954,-1.0
delay 4h,0.3,0.5,3,241,-0.0028269377761700604,0.06319987404694831,0.5435684647302904,0.9870260552003297,-0.6371265017425521,161,0.014562811154473259,0.01789810309212144,0.5652173913043478,1.1904627667944792,-0.6367286812395517
delay 1h,0.3,0.2,3,241,-0.0029238050692755924,0.10558987735456755,0.6058091286307054,0.9846698749338171,-0.6542691198237885,161,0.016281541451474917,0.024080449438202173,0.5838509316770186,1.2457695834998757,-0.6078686488728261
drop 20% (after 4h),0.15,0.2,3,211,-0.002991966650104753,-0.17775363179225584,0.46445497630331756,0.9809237892092298,-0.5479148693857494,49,-0.01173833879759266,0.01474526471028035,0.5510204081632653,0.8964018306353994,-0.3379636930938385
delay 2h,0.15,0.2,7,241,-0.0030318181596017224,-0.1070231962219538,0.45228215767634855,0.9805817952640671,-0.5420798420138355,161,-0.00733925777522498,-0.02087275621202471,0.4409937888198758,0.9267244464144523,-0.3380658545377813
drop 15% (after 4h),0.1,0.1,3,217,-0.0030511750807673435,0.06973813142403987,0.5161290322580645,0.969283851280715,-0.3009949559808616,69,-0.0009986298025462226,7.804260836201393e-05,0.5072463768115942,0.9865096251398867,-0.22092273959222908
delay 1h,0.45,0.5,1,241,-0.003085243303680156,0.0844745746577756,0.6099585062240664,0.9846471268209604,-1.0,161,0.004713193193035894,0.01761440881997043,0.5652173913043478,1.0845167465876704,-0.9359437205757952
delay 2h,0.2,0.2,3,241,-0.0030905927289751854,0.032983307830047395,0.5352697095435685,0.9818409400065011,-0.6423299420138356,161,-0.005963121146016689,0.0026325235683535286,0.5093167701863354,0.9232594791504283,-0.4383159545377814
drop 15% (after 4h),0.1,0.1,1,217,-0.0031041802148981472,0.038150208047406736,0.5207373271889401,0.9678319058157608,-0.3009949559808616,69,-0.006558618359489901,-0.023471690978655105,0.391304347826087,0.8911635224189155,-0.21085128761542657
delay 48h,0.1,0.1,1,241,-0.0031136363888838686,0.003570152716025289,0.5145228215767634,0.9606315596017749,-0.2886860447194136,161,-0.0019067266528423057,0.0022127467599933385,0.5279503105590062,0.950728486944229,-0.2097800698002448
delay 2h,0.1,0.1,7,241,-0.003342239470644542,0.015082608310628923,0.5062240663900415,0.9655391385772513,-0.24730158508839378,161,-0.004749840330596218,-0.016809742073463932,0.45962732919254656,0.9401497046132775,-0.23175511883304062
drop 20% (after 4h),0.45,0.1,3,211,-0.003433235497688657,0.1980999999999998,0.7535545023696683,0.9761634569463826,-0.9475704410108763,49,-0.014057510444970321,0.18713221032590993,0.7142857142857143,0.8880445576902768,-0.9197918304963233
drop 20% (after 4h),0.1,0.1,7,211,-0.00346629671774078,0.08865218866045714,0.5071090047393365,0.965884009825741,-0.26320717166550556,49,0.01693787591612811,0.17317825814285703,0.5714285714285714,1.1961024073239361,-0.2884775539946992
delay 2h,0.3,0.3,3,241,-0.0034769117933259614,0.08227453867555337,0.5684647302904564,0.9836931467163037,-0.8765709473481939,161,0.012857656190501051,0.008931835941042925,0.5279503105590062,1.1752606720017351,-0.6388161545377817
drop 10% (after 1h),0.1,0.5,3,227,-0.003513463837915683,-0.20612228503996236,0.28634361233480177,0.9755760850854444,-0.30725336376543244,104,0.0009824600526822736,-0.03593066410899938,0.41346153846153844,1.0114816192289984,-0.23585165326426835
delay 1h,0.2,0.2,3,241,-0.003648617826244204,0.03190217669591583,0.5311203319502075,0.9787135067454027,-0.4886438342629481,161,0.01087994301695853,0.01906315789473695,0.5714285714285714,1.1551278791433182,-0.4211729984727955
delay 0.5h,0.15,0.2,3,241,-0.003652876864823912,-0.09555683444776114,0.46473029045643155,0.9759710311263995,-0.34627910499483594,161,0.006152918978155098,0.01150894451473369,0.546583850931677,1.0869795672870295,-0.32083570292000707
drop 10% (after 1h),0.1,0.2,3,227,-0.0037095276654777,-0.20577880148565594,0.36123348017621143,0.9711440896919266,-0.30725336376543244,104,0.0034190049086531304,-0.02850650062537993,0.4326923076923077,1.0420387692377346,-0.2127826130497963
delay 4h,,,7,241,-0.0037714268426378645,0.11501376956208084,0.5975103734439834,0.9871279212671409,-1.0,161,0.009433912212089774,0.00994923576236546,0.515527950310559,1.0808285495987222,-1.0
drop 10% (after 1h),0.15,,1,227,-0.0037738414606079554,-0.11198137881122555,0.43612334801762115,0.9755990983946127,-0.44707046540123446,104,-0.013895039857686291,-0.0087537255695452,0.4423076923076923,0.7987893127884825,-0.3361017532642684
drop 30% (after 1h),0.45,,3,188,-0.0038580073798143914,0.11920897733942197,0.574468085106383,0.9843861735426658,-0.9647272136144918,24,-0.08819270017234496,0.04706615417806585,0.5416666666666666,0.6673856701755554,-0.936815177638308
drop 20% (after 1h),0.1,0.2,7,211,-0.003860324129150037,-0.2060971503668535,0.3459715639810427,0.9714562762585589,-0.26320717166550556,49,-0.03517607804736667,-0.19988303066957994,0.3469387755102041,0.7130084469785278,-0.2884775539946992
drop 15% (after 4h),0.2,0.2,3,217,-0.0038725411236421184,0.048113884462151216,0.5207373271889401,0.9780378336718873,-0.5423873681977669,69,0.007906670379200457,0.007085336288873673,0.5362318840579711,1.0818670724857233,-0.4357191324679484
drop 20% (after 4h),0.1,0.1,3,211,-0.00390077703725103,0.03208454362077669,0.5118483412322274,0.9611560420274192,-0.26320717166550556,49,0.012241926802231688,0.023986726314765033,0.5918367346938775,1.1578088445149435,-0.21182674969936713
drop 15% (after 1h),0.3,0.1,1,217,-0.0039041025611073624,0.1961249590992917,0.6866359447004609,0.9699684481396952,-0.7778929810685807,69,-0.031040049137530504,-0.014490477334288753,0.42028985507246375,0.6563688734827609,-0.6089237587053808
drop 30% (after 4h),0.1,,1,188,-0.004084324619212208,-0.20549101900068034,0.3617021276595745,0.9673401081927541,-0.23422218329527478,24,-0.08999112146862993,-0.20533806782290903,0.20833333333333334,0.3525418383816311,-0.216290537926546
drop 30% (after 4h),0.1,0.1,3,188,-0.004093458551097944,0.05830363196028016,0.5053191489361702,0.9595589204871151,-0.22611788546089417,24,-0.06635148595354959,-0.20550498054655347,0.375,0.4863574619873057,-0.216290537926546
delay 4h,0.3,0.1,3,241,-0.004231769004641809,0.19673318162873024,0.7136929460580913,0.9689830512926322,-0.6371265017425521,161,0.03105680446339026,0.03998243641304332,0.6211180124223602,1.5864184191055808,-0.6091846948045723
delay 2h,0.1,0.1,1,241,-0.004241596879817071,0.019984312755541238,0.5186721991701245,0.9539691317985455,-0.24730158508839378,161,0.005789046622245747,0.01080513806097962,0.5590062111801242,1.1301691419388027,-0.21200506809002456
drop 20% (after 4h),,0.1,7,211,-0.0042563435710782,0.1980999999999999,0.8009478672985783,0.9728656220246064,-1.0,49,-0.009692061175253478,0.19510041882352927,0.7142857142857143,0.930556663159007,-1.0
drop 10% (after 1h),0.45,,3,227,-0.004500925868514298,0.09214085716262967,0.5814977973568282,0.9822683588820749,-0.9757494328674431,104,0.00014134877488099814,-0.006840934285521854,0.4807692307692308,1.0013160479420704,-0.9376023532642683
drop 15% (after 1h),0.3,,1,217,-0.004704789863540447,0.051072980904255466,0.5529953917050692,0.9757796688142176,-0.7778929810685807,69,-0.04423021253764762,-0.024863078330446715,0.37681159420289856,0.5863935438324259,-0.6390635170305858
drop 20% (after 4h),0.1,0.5,3,211,-0.004784484401385402,-0.20599721177587144,0.2938388625592417,0.9673677144917092,-0.3563684850115252,49,-0.00526544057044178,-0.062197352577030865,0.46938775510204084,0.9476252914816371,-0.237713593093839
delay 0.5h,,0.5,1,241,-0.004808941835453436,0.0678714028826525,0.6058091286307054,0.9775484886276888,-1.0,161,-0.005243222347022901,0.015933394219066824,0.5652173913043478,0.9232582588349167,-1.0
drop 10% (after 1h),0.15,0.2,7,227,-0.004818653419264307,-0.29993243526881685,0.44493392070484583,0.9705551635483685,-0.44707046540123446,104,0.019126015623339678,0.03169579208080285,0.5288461538461539,1.1716629265358907,-0.3130327130497964
delay 1h,,,7,241,-0.004829669081890838,0.10334004568492405,0.5726141078838174,0.9846944949763371,-1.0,161,0.019807485393342088,0.026810526315789764,0.5403726708074534,1.1813496374638455,-1.0
drop 30% (after 4h),0.1,0.1,7,188,-0.004882180292888568,0.08719953248427806,0.5053191489361702,0.9522835177023187,-0.22611788546089417,24,-0.06830750714889487,-0.20550498054655347,0.375,0.4712154395179502,-0.216290537926546
delay 0.5h,0.2,0.1,1,241,-0.004888764681573032,0.19044308891764689,0.6431535269709544,0.9580043689983521,-0.44652920499483617,161,-0.0072948597246466395,0.015563585963313219,0.5590062111801242,0.8759339314632536,-0.41265659696249984
drop 20% (after 1h),0.3,0.1,3,211,-0.004910454628641064,0.1980999999999998,0.7156398104265402,0.9647719806955972,-0.6295736827376427,49,0.004054103117217533,0.1918007447323794,0.7142857142857143,1.0378195297072899,-0.6104388164018961
drop 15% (after 1h),0.3,,3,217,-0.005033331326810101,0.013418572150704248,0.5161290322580645,0.9793936070083631,-0.7778929810685807,69,-0.011754153822649297,0.006714294886914515,0.5217391304347826,0.9038082080081408,-0.6390635170305858
drop 10% (after 1h),0.2,0.3,3,227,-0.00504534087618103,-0.10482168823646741,0.44933920704845814,0.9750536165826442,-0.5473205654012343,104,-0.008082581345139533,-0.015896713701589207,0.4519230769230769,0.920690316885132,-0.43635185326426806
delay 48h,0.15,0.1,1,241,-0.005095990092961842,0.02037264346316494,0.5560165975103735,0.9422867332054996,-0.3889361447194131,161,-0.0033105604896761552,0.0032072966156107626,0.5341614906832298,0.9199117523339403,-0.3100301698002447
drop 20% (after 1h),0.1,0.1,1,211,-0.005173406300497076,0.00485479252071523,0.5023696682464455,0.9478567803736547,-0.26320717166550556,49,0.001756315943322182,0.010369134229707977,0.5102040816326531,1.0222185757984905,-0.2090264695766659
drop 20% (after 4h),,0.1,1,211,-0.005202085098121176,0.1961440318092307,0.6966824644549763,0.9602392030442264,-1.0,49,0.043162723437128174,0.09674781116203401,0.6122448979591837,1.7513373689617235,-0.39841555449583455
drop 10% (after 4h),0.2,,3,227,-0.005219647007653089,-0.09710361667708789,0.44493392070484583,0.9735323258369634,-0.5473205654012343,104,-0.0015254649525079833,-0.011464334669687014,0.47115384615384615,0.9847423287055892,-0.4357191324679484
drop 10% (after 1h),0.2,0.2,1,227,-0.005295225312897257,0.027683864915572242,0.5242290748898678,0.966768728891969,-0.5473205654012343,104,-0.013691238711486146,-0.00829133417406625,0.4519230769230769,0.809396823595208,-0.4071147337704919
delay 4h,,0.5,3,241,-0.005321256080345373,0.09993003313021537,0.6099585062240664,0.9778267250807469,-1.0,161,0.01433304999192943,0.017945106829454438,0.5714285714285714,1.177335425381972,-1.0
drop 20% (after 4h),0.3,0.1,3,211,-0.005325702816125483,0.19801056985901794,0.7109004739336493,0.9613590986755519,-0.6248565470273777,49,0.004176463556637699,0.18713221032590993,0.7142857142857143,1.0389125532685703,-0.6104388164018961
drop 15% (after 4h),0.15,0.1,7,217,-0.00534492195436848,0.19019143388741455,0.5990783410138248,0.955667267800469,-0.4421372681977671,69,0.035013819863517356,0.1854318501676317,0.6666666666666666,1.4537673860590186,-0.30845639939655145
drop 30% (after 1h),,0.2,3,188,-0.005354319133548458,0.2789215534368834,0.6382978723404256,0.9757045170244273,-1.0,24,-0.11944066612782829,0.04706615417806585,0.5416666666666666,0.5779851037815907,-1.0
delay 2h,0.3,0.5,1,241,-0.005354323676923844,0.056248281405074464,0.5933609958506224,0.969388307952787,-0.8765709473481939,161,-0.003321517748324468,0.00973545563224405,0.546583850931677,0.9435757551827877,-0.6388161545377817
drop 15% (after 1h),0.1,0.2,1,217,-0.00536921375249059,-0.20597809641434292,0.391705069124424,0.956297556828149,-0.3009949559808616,69,-0.005900001766305987,-0.02788750942739444,0.36231884057971014,0.9110996195744783,-0.21852361837310197
delay 0.5h,0.45,0.1,3,241,-0.005387543658665482,0.19788840092792026,0.7593360995850622,0.9627488068360227,-1.0,161,0.003428444858138121,0.020054636309760846,0.5900621118012422,1.0477844784334818,-0.9436979062283894
delay 48h,0.2,0.3,7,241,-0.005451748673564255,-0.08883470978894749,0.4605809128630705,0.972530665624189,-0.5013445561589105,161,-0.01664723197322378,-0.005625634688878056,0.4906832298136646,0.8485025725624572,-0.4397451464572975
delay 0.5h,0.3,,1,241,-0.005461819252888029,0.025943638077285502,0.5435684647302904,0.9721905405415464,-0.6989575241297236,161,0.004562667555381066,0.015933394219066824,0.5652173913043478,1.077971575161814,-0.6078847028908279
drop 30% (after 4h),,0.5,3,188,-0.005491236478125464,0.1382373819772338,0.601063829787234,0.9773523219364852,-1.0,24,-0.10606743158448799,0.04706615417806585,0.5416666666666666,0.6252362149054368,-1.0
drop 15% (after 1h),0.45,0.1,3,217,-0.005510377926994638,0.19791152489941877,0.7557603686635944,0.9625437528429369,-0.9433180325565308,69,0.010632211783105363,0.05005996257766845,0.6086956521739131,1.1365716254258318,-0.9082529
drop 10% (after 1h),0.2,0.5,3,227,-0.005519900399406131,-0.25572700332046305,0.42731277533039647,0.9738577352482047,-0.5473205654012343,104,-0.0032355027464062843,-0.015896713701589207,0.4519230769230769,0.9682518880321473,-0.43635185326426806
drop 10% (after 4h),,,7,227,-0.005526926863996182,0.1438780800500803,0.5859030837004405,0.9817745579400919,-1.0,104,0.022978175245448353,0.04787866750309215,0.5769230769230769,1.1576122504599267,-1.0
drop 20% (after 1h),0.45,0.1,3,211,-0.005528218756510051,0.19809999999999983,0.7535545023696683,0.9622886597423946,-0.9628621632446133,49,-0.01397861000623924,0.1918007447323794,0.7142857142857143,0.8883753792181236,-0.9081812095641022
drop 30% (after 4h),0.1,0.1,1,188,-0.005552077588764852,-0.0153734547589679,0.4946808510638298,0.9436495892079184,-0.22611788546089417,24,-0.06108313493127604,-0.19968697090745968,0.3333333333333333,0.49403581468778923,-0.216290537926546
drop 20% (after 4h),0.3,0.1,7,211,-0.005556249648965677,0.1980999999999998,0.7345971563981043,0.9615414292467674,-0.6259223122019205,49,0.011372527185394813,0.19510041882352927,0.7142857142857143,1.0959680059576389,-0.6147897099655967
delay 2h,,0.5,7,241,-0.005569739050132353,0.11007085810914685,0.5809128630705395,0.9820289056648323,-1.0,161,0.009664099411057957,0.004910437569261021,0.5093167701863354,1.0848315888554596,-1.0
drop 20% (after 4h),0.15,0.5,3,211,-0.005610739725234858,-0.3012438658022647,0.38388625592417064,0.9690782910342515,-0.5479148693857494,49,-0.0023230561872797572,0.013563500841437402,0.5306122448979592,0.9805657404252863,-0.3379636930938385
delay 1h,,0.3,1,241,-0.005636861145759739,0.099728888888889,0.6224066390041494,0.9720095516507308,-1.0,161,0.005291831275524191,0.01761440881997043,0.5652173913043478,1.0923043446813,-1.0
drop 30% (after 1h),,0.1,1,188,-0.005806723136118263,0.19495471657933872,0.6861702127659575,0.9555678024552519,-1.0,24,-0.09367114120637182,-0.06715854958820194,0.4583333333333333,0.474885353851815,-1.0
drop 15% (after 1h),0.1,0.3,1,217,-0.005853370304751062,-0.20605972396540126,0.3640552995391705,0.954514175395301,-0.3009949559808616,69,-0.006091443885487222,-0.02788750942739444,0.36231884057971014,0.9082149971796385,-0.21852361837310197
delay 1h,0.2,0.2,7,241,-0.005952391125399007,0.022544244002231623,0.5103734439834025,0.9670135563684478,-0.4886438342629481,161,0.011633316182184734,0.024655569783451577,0.5217391304347826,1.11951452544776,-0.4211729984727955
drop 20% (after 4h),0.45,,7,211,-0.005960703456714955,0.11804414195492526,0.5639810426540285,0.9804640969396279,-1.0,49,-0.026887375962156835,0.03349892267146678,0.5306122448979592,0.8808884628609851,-0.939464293093838
delay 8h,,,3,241,-0.006040348568246129,0.0914993065187241,0.6016597510373444,0.973284327305519,-1.0,161,8.810669654395804e-05,0.009736259195928538,0.5403726708074534,1.0010344973615681,-1.0
drop 15% (after 4h),0.1,0.1,7,217,-0.006102392808541015,0.048364357346680875,0.5023041474654378,0.9406206784133905,-0.3009949559808616,69,0.01767112349380462,0.1042988127160873,0.5652173913043478,1.2213247061210806,-0.22092273959222908
delay 1h,0.2,0.5,3,241,-0.00621363860767976,-0.1057177441464354,0.44398340248962653,0.9693264321005673,-0.4886438342629481,161,0.014280640801729477,0.014370391124061504,0.5590062111801242,1.189346364369659,-0.4346932205757953
delay 1h,0.45,0.2,1,241,-0.006270225963370521,0.10671711460183017,0.6390041493775933,0.9655217620403982,-1.0,161,0.014096971294857926,0.017965422028395028,0.5714285714285714,1.282204318834511,-0.9082528999999999
drop 20% (after 1h),0.3,0.1,7,211,-0.00640236240122601,0.19809999999999983,0.7298578199052133,0.9558748801281708,-0.6295736827376427,49,0.011250166745974647,0.19510041882352927,0.7142857142857143,1.0950424829121188,-0.6147897099655967
delay 48h,0.45,0.1,7,241,-0.006405263371116047,0.19809999999999986,0.7717842323651453,0.9564067254010092,-1.0,161,0.008042121510179606,0.04710291323493635,0.5714285714285714,1.1007302188559154,-0.9082336187153542
delay 1h,0.2,0.1,1,241,-0.006412607174600092,0.19093545818215993,0.6348547717842323,0.9454294053719835,-0.4886438342629481,161,0.006985200600886159,0.019840109717420458,0.577639751552795,1.1462242459728662,-0.41970191484384545
drop 30% (after 4h),,0.2,7,188,-0.006439901303046564,0.3807252442665997,0.675531914893617,0.9742507099507057,-1.0,24,-0.09434340455510891,0.17025305879734,0.625,0.6771733950218006,-1.0
drop 10% (after 4h),0.45,0.5,3,227,-0.006485993597517327,0.1150178890029082,0.5770925110132159,0.9734581894423299,-0.9475704410108763,104,0.013212337720141867,-0.002997212413503806,0.5,1.1325897493525174,-0.9369696324679483
drop 15% (after 1h),0.45,0.1,1,217,-0.006504895314704822,0.19645367346007606,0.7188940092165899,0.9528841655530731,-0.9433180325565308,69,-0.014115004661123542,-0.014465440522100317,0.43478260869565216,0.8149999512939593,-0.9082529
delay 1h,0.2,,1,241,-0.006544095667548332,-0.0013018143754362252,0.4979253112033195,0.9609758680328568,-0.4886438342629481,161,0.004575644635226059,0.016716291642914098,0.5590062111801242,1.082447606352271,-0.4346932205757953
drop 20% (after 4h),0.15,0.1,3,211,-0.0065820461163010645,0.19301029276602527,0.5971563981042654,0.9443107514931897,-0.3348139402545739,49,0.012889484092581605,0.08503680527835054,0.6530612244897959,1.1489164524241942,-0.3120768496993666
drop 20% (after 1h),0.45,,3,211,-0.006616232973786953,0.057417017151134606,0.5687203791469194,0.9739105275972961,-0.9628621632446133,49,-0.08087142653961542,0.018409280190159676,0.5714285714285714,0.6244385205686902,-0.939813817030585
delay 0.5h,0.15,0.2,7,241,-0.006616450518338589,-0.16559086360183775,0.43983402489626555,0.9577988266681863,-0.34627910499483594,161,0.015897344238349563,-0.0009870495048310678,0.4906832298136646,1.1800677180615287,-0.33307618147315027
drop 20% (after 4h),,0.1,3,211,-0.0066467608626110015,0.1980999999999998,0.7582938388625592,0.9549331111695,-1.0,49,-0.0007513451568756994,0.18713221032590993,0.7142857142857143,0.9933069356984694,-1.0
drop 10% (after 1h),0.1,,1,227,-0.006648274749008023,-0.20574849747155016,0.3568281938325991,0.946996800854172,-0.30725336376543244,104,-0.01758772590236924,-0.014518551224738382,0.41346153846153844,0.7390280053875087,-0.23585165326426835
delay 48h,0.1,0.1,3,241,-0.006724528532293333,-0.007253286766488187,0.49377593360995853,0.9281163558340645,-0.2886860447194136,161,-0.0016988825636266001,-0.0008502643070559146,0.4906832298136646,0.9719185060855273,-0.23415850196301594
delay 1h,0.3,,3,241,-0.006816283657621994,0.02931572860516852,0.5269709543568465,0.970293239230669,-0.6553501388117715,161,0.017191553521960147,0.01906315789473695,0.5714285714285714,1.2322452411339422,-0.6351934205757953
drop 20% (after 1h),0.1,0.1,7,211,-0.006816954748991881,-0.0006787429532545408,0.4976303317535545,0.9340880510111457,-0.26320717166550556,49,0.008943451271688817,0.08105213845701677,0.5510204081632653,1.098754720369806,-0.2884775539946992
drop 15% (after 4h),0.2,0.1,3,217,-0.0068735173558082925,0.19325686344420587,0.6543778801843319,0.9467738328713377,-0.5423873681977669,69,-3.7442095412588724e-05,0.03442829766847655,0.5652173913043478,0.9995562256543509,-0.4084235587053809
delay 1h,0.45,0.5,3,241,-0.006894665249899604,0.07269520688642603,0.5850622406639004,0.97276231391775,-1.0,161,0.026434083576515954,0.024755814942494906,0.5900621118012422,1.3819814831408024,-0.9359437205757952
delay 0.5h,0.45,0.1,1,241,-0.006938129892494047,0.19500374357916286,0.7261410788381742,0.94682416912009,-1.0,161,-0.009251184520489557,0.018133886110349468,0.577639751552795,0.8541203529824336,-0.9436979062283894
delay 8h,0.1,,3,241,-0.007078909899052937,-0.20392971808328103,0.3360995850622407,0.944657671198573,-0.3814025095906174,161,-0.0035500904067322344,-0.004653846153846098,0.4658385093167702,0.9495381017912383,-0.2160529892401905
delay 48h,0.1,0.1,7,241,-0.007108403859462293,0.007650107360522757,0.5020746887966805,0.9281439840096227,-0.2886860447194136,161,-0.008950458151000311,-0.011405935257389694,0.4782608695652174,0.8874477991005492,-0.23924494645729788
drop 20% (after 4h),0.15,0.1,7,211,-0.007251103040756124,0.194173249126819,0.5971563981042654,0.9401968474765316,-0.3626906706873998,49,0.02106870693517951,0.1936412562421074,0.6530612244897959,1.2177737954592036,-0.3120768496993666
drop 15% (after 1h),0.1,,3,217,-0.0072831764602563995,-0.20629561211226036,0.2857142857142857,0.9502048949737366,-0.3009949559808616,69,0.01491912179957606,-0.03477068906672286,0.463768115942029,1.179316301955846,-0.22092273959222908
drop 20% (after 4h),0.15,0.3,3,211,-0.007299256222022212,-0.3011983436705094,0.3981042654028436,0.9588152693110299,-0.5479148693857494,49,-0.002726063044368916,0.013563500841437402,0.5306122448979592,0.977194259393555,-0.3379636930938385
drop 10% (after 1h),0.2,0.1,7,227,-0.007310036302751592,0.19503927439054958,0.6475770925110133,0.9447587717371613,-0.5473205654012343,104,0.002174964893057072,0.12184545871556923,0.625,1.0210177868530437,-0.4132828130497965
drop 10% (after 1h),0.3,0.1,7,227,-0.0073325729026550756,0.19809999999999975,0.7180616740088106,0.9496628879177614,-0.7816917435956793,104,0.011847245811961775,0.16807217098876182,0.6730769230769231,1.1181506298570016,-0.6119335353630959
delay 48h,0.1,,7,241,-0.00735463656900791,-0.20436795162016141,0.31950207468879666,0.946053005063796,-0.2886860447194136,161,-0.0017725513839825459,-0.03915210939589451,0.422360248447205,0.9802960804820292,-0.23924494645729788
delay 1h,0.3,0.2,7,241,-0.007367214783499999,0.2129369235557469,0.5933609958506224,0.9649378488335726,-0.6618036758714891,161,0.0041320816423858426,0.02689488818270665,0.546583850931677,1.0382562845661372,-0.644657891628319
delay 0.5h,0.45,0.5,3,241,-0.007448116723965458,0.09625258351325952,0.5933609958506224,0.9718737839799073,-1.0,161,0.015254505734817039,0.01545838926174499,0.5714285714285714,1.1923369604248284,-0.9436979062283894
drop 30% (after 1h),,0.5,3,188,-0.007506165015945304,0.1278956433713584,0.5851063829787234,0.9712890766409243,-1.0,24,-0.10606743158448799,0.04706615417806585,0.5416666666666666,0.6252362149054368,-1.0
delay 0.5h,0.45,,1,241,-0.007548622414545883,0.06781788753237121,0.5975103734439834,0.9640823034092733,-1.0,161,-0.0031436937030081364,0.015933394219066824,0.5652173913043478,0.9525289767066876,-0.9436979062283894
delay 0.5h,0.3,,3,241,-0.007554578389909267,0.03781753794266441,0.5311203319502075,0.9682299000698612,-0.6989575241297236,161,0.01979235535983506,0.01545838926174499,0.5714285714285714,1.2646974242758113,-0.6078847028908279
drop 20% (after 1h),0.1,0.3,7,211,-0.007821618984192738,-0.20639791271528074,0.27488151658767773,0.9479393456908365,-0.3563684850115252,49,-0.006452674961643535,-0.19988303066957994,0.3469387755102041,0.9473544718120307,-0.2884775539946992
drop 15% (after 1h),,0.1,7,217,-0.007850464651061694,0.1980999999999998,0.7741935483870968,0.9502406180897942,-1.0,69,0.00845565619528402,0.18984576694883687,0.7101449275362319,1.0769794198948954,-1.0
delay 48h,0.1,0.2,7,241,-0.007861036073067833,-0.20396199907106605,0.36929460580912865,0.937743289262794,-0.2886860447194136,161,-0.001701640036488739,-0.018808210273810168,0.4409937888198758,0.9802533006133933,-0.23924494645729788
drop 20% (after 1h),0.1,,7,211,-0.008171084479080435,-0.20639999456810298,0.22748815165876776,0.9491214952621067,-0.3563684850115252,49,0.0019189977365927635,-0.19988303066957994,0.3469387755102041,1.0156565532953346,-0.2884775539946992
drop 20% (after 1h),0.45,0.1,1,211,-0.008233670864453313,0.19734405429454832,0.6872037914691943,0.9388022133699908,-0.9460858027784154,49,0.015088434193138104,0.09674781116203401,0.6122448979591837,1.1769565052597428,-0.9081812095641022
drop 10% (after 4h),0.15,,3,227,-0.00833740754397946,-0.29965106922863016,0.3832599118942731,0.9526653865809047,-0.5479148693857494,104,0.0014835693104787082,-0.014184123448543154,0.46153846153846156,1.0162383562677342,-0.3354690324679483
drop 20% (after 1h),0.1,0.1,3,211,-0.00837367520587836,-0.08078316766737738,0.4976303317535545,0.9188705747258399,-0.26320717166550556,49,0.004247502157792394,0.022666101137166893,0.5714285714285714,1.05194827670261,-0.21182674969936713
drop 10% (after 1h),,0.2,7,227,-0.008391823122085982,0.36984776987379736,0.6607929515418502,0.9658000897885408,-1.0,104,-0.00385114632323232,0.04787866750309215,0.5961538461538461,0.9735218282669251,-1.0
drop 10% (after 1h),,0.5,3,227,-0.008487531049798441,0.09317675643121257,0.5859030837004405,0.9681930428249731,-1.0,104,-0.003987299892130658,-0.006840934285521854,0.4807692307692308,0.9642499216157855,-1.0
delay 2h,0.1,0.3,7,241,-0.008547919919881195,-0.2062984272333042,0.3029045643153527,0.9389394254728657,-0.45939433407662905,161,-0.013881560398706258,-0.0512335539342721,0.36645962732919257,0.8532796000607409,-0.23175511883304062
delay 1h,0.45,0.2,3,241,-0.008557044193423142,0.22656894720169418,0.6639004149377593,0.9599143022392431,-1.0,161,0.022150452824496524,0.0263649535064406,0.5962732919254659,1.3494356915657055,-0.9082528999999999
drop 10% (after 1h),0.3,0.5,3,227,-0.008643503848489578,0.008767954912639443,0.5066079295154186,0.9640402887540119,-0.7816917435956793,104,0.0019948108022287193,-0.011464334669687014,0.47115384615384615,1.0190896767072872,-0.6368520532642682
drop 30% (after 4h),0.15,,3,188,-0.008760918010584736,-0.3029127386324137,0.3882978723404255,0.9510585063690851,-0.5479148693857494,24,-0.12932603669867265,-0.30581077484161406,0.2916666666666667,0.36687903447839193,-0.31654063792654563
drop 15% (after 1h),0.2,0.1,3,217,-0.008824713915049822,0.1945239000185337,0.6543778801843319,0.932924404353082,-0.5423873681977669,69,-0.00039459114968251087,0.03442829766847655,0.5652173913043478,0.9953419094845344,-0.4084235587053809
delay 48h,0.2,0.1,1,241,-0.008899248195679568,0.033050277040881294,0.5767634854771784,0.90675282615796,-0.49112565062436797,161,-0.0028728926775804407,0.0032072966156107626,0.5341614906832298,0.9297559617426892,-0.4070024000000002
drop 30% (after 4h),0.2,0.5,3,188,-0.008956256383634868,-0.13083055533471813,0.4627659574468085,0.955809833575904,-0.5768283474288853,24,-0.14495073828358415,-0.3888707595855038,0.3333333333333333,0.40462812451694724,-0.43556467763830775
drop 20% (after 1h),,0.1,7,211,-0.009109573416551942,0.1980999999999999,0.7914691943127962,0.9429883120294235,-1.0,49,-0.009947866014448936,0.19510041882352927,0.7142857142857143,0.928723828915331,-1.0
delay 8h,0.45,,3,241,-0.009149207081812398,0.08328124067130577,0.5892116182572614,0.9595001176240706,-1.0,161,0.0027461731119820007,0.009736259195928538,0.5403726708074534,1.0332826955070378,-0.9361220128146969
drop 10% (after 1h),0.3,0.5,1,227,-0.00922244733450128,0.05020392942366761,0.5550660792951542,0.9524436118840298,-0.7816917435956793,104,-0.015279727436872118,-0.006847639565452521,0.46153846153846156,0.7929580521313294,-0.6368520532642682
drop 15% (after 1h),0.1,0.2,3,217,-0.009411398236175456,-0.2060924651252409,0.3640552995391705,0.9277941896890796,-0.3009949559808616,69,0.006691264248124701,-0.03212296061924201,0.4782608695652174,1.0834006125247906,-0.22092273959222908
delay 1h,0.45,,1,241,-0.009440201850976049,0.0844745746577756,0.6099585062240664,0.953023406086097,-1.0,161,0.004713193193035894,0.01761440881997043,0.5652173913043478,1.0845167465876704,-0.9359437205757952
delay 0.5h,0.3,0.1,3,241,-0.009465184145301403,0.19734778928223007,0.7178423236514523,0.9330079888594008,-0.6989575241297236,161,0.006126115369645461,0.020054636309760846,0.5900621118012422,1.0887194572954,-0.6078847028908279
drop 15% (after 1h),0.3,0.2,3,217,-0.009506839310058073,0.15322481993703885,0.5944700460829493,0.9532961894250715,-0.7778929810685807,69,-0.023482927075273875,0.007085336288873673,0.5362318840579711,0.8066623163880973,-0.6390635170305858
drop 10% (after 1h),0.15,0.2,3,227,-0.009553038495866065,-0.25572700332046305,0.43612334801762115,0.9403981040278013,-0.44707046540123446,104,0.0070136852828853935,-0.011464334669687014,0.47115384615384615,1.0816230812015717,-0.3130327130497964
drop 15% (after 1h),0.1,0.5,1,217,-0.00959554114683779,-0.2060924651252409,0.3548387096774194,0.9265576914104499,-0.3009949559808616,69,-0.007754720981045958,-0.02788750942739444,0.36231884057971014,0.8831529764540401,-0.21852361837310197
drop 10% (after 1h),0.2,0.5,1,227,-0.009634136412993913,-0.04985175278028165,0.4801762114537445,0.9454454455217557,-0.5473205654012343,104,-0.020864679751417946,-0.0087537255695452,0.4423076923076923,0.725561537601132,-0.43635185326426806
delay 48h,0.3,0.1,3,241,-0.009645231435217493,0.19196519901013362,0.6514522821576764,0.923449626966332,-0.6916258506243682,161,-0.005950256617796945,0.010016671578471845,0.5341614906832298,0.9173760398507944,-0.6099298767077682
delay 2h,0.45,0.3,7,241,-0.00969507014148724,0.14820330906568505,0.6016597510373444,0.964984787326107,-1.0,161,0.0045570312168111676,0.004910437569261021,0.5093167701863354,1.0406147757270132,-0.939566454537781
delay 2h,0.1,0.5,3,241,-0.009708930113557364,-0.2062052047524147,0.3112033195020747,0.9292013274303034,-0.2593121936606519,161,0.004734040335378143,-0.006422177009155614,0.4658385093167702,1.0688766277697457,-0.22048392711218107
drop 20% (after 1h),,0.5,3,211,-0.009783813550970808,0.06667076840212696,0.5734597156398105,0.9629500484039278,-1.0,49,-0.07461106970744302,0.018409280190159676,0.5714285714285714,0.643136212017897,-1.0
drop 10% (after 4h),,0.5,3,227,-0.009928936021647634,0.1150178890029082,0.5814977973568282,0.9599696989873946,-1.0,104,0.010010466325118412,-0.002997212413503806,0.5,1.0973306135860472,-1.0
delay 0.5h,,0.5,3,241,-0.009966010806149297,0.09839434408269519,0.5975103734439834,0.9628802947127395,-1.0,161,0.012552131558118662,0.01545838926174499,0.5714285714285714,1.1530491425999891,-1.0
delay 2h,0.1,0.3,3,241,-0.00999897394905291,-0.20619711598448992,0.3278008298755187,0.9252844885674545,-0.2593121936606519,161,0.005407585377168175,-0.006422177009155614,0.4658385093167702,1.0786761875206081,-0.22048392711218107
drop 15% (after 4h),0.2,0.1,7,217,-0.010078146763868449,0.19432600449123844,0.6451612903225806,0.924987421710202,-0.5423873681977669,69,0.019404583847758096,0.1854318501676317,0.6811594202898551,1.2082780664230799,-0.40870649939655157
drop 10% (after 4h),0.45,,7,227,-0.010116635288027353,0.13839778027111568,0.5726872246696035,0.9665128855615069,-1.0,104,0.021556365698965217,0.04787866750309215,0.5769230769230769,1.1464316781004062,-0.9369696324679483
delay 0.5h,0.3,0.1,7,241,-0.010127842781588377,0.19775642078218664,0.7178423236514523,0.9296735110365238,-0.6989575241297236,161,0.011625374346643418,0.0681591213232979,0.5962732919254659,1.1358904881519196,-0.6452661681415981
drop 20% (after 4h),0.2,,3,211,-0.010134984530030438,-0.1751683953328373,0.44075829383886256,0.9501685742112661,-0.48774172295500334,49,-0.011832351860349992,0.01474526471028035,0.5510204081632653,0.916051917142309,-0.4382137930938384
drop 30% (after 1h),0.1,0.5,1,188,-0.010224604463539299,-0.20611538241470656,0.34574468085106386,0.9204112155871053,-0.24884163353737826,24,-0.08999117850418006,-0.20533806782290903,0.20833333333333334,0.35254169371506683,-0.216290537926546
delay 2h,0.1,,3,241,-0.01023326608715018,-0.2062052047524147,0.3112033195020747,0.9253778071786668,-0.2593121936606519,161,0.004734040335378143,-0.006422177009155614,0.4658385093167702,1.0688766277697457,-0.22048392711218107
drop 15% (after 4h),0.3,0.1,3,217,-0.010319448222648494,0.1970538476043955,0.7188940092165899,0.9289944296156195,-0.7778929810685807,69,0.0026409083820318705,0.05005996257766845,0.5942028985507246,1.0309130196775818,-0.609179747466912
delay 0.5h,,0.1,7,241,-0.0103423554448132,0.19809999999999983,0.7800829875518672,0.9337090812021934,-1.0,161,0.011121388404798994,0.06986366482062767,0.6086956521739131,1.1273156799015773,-1.0
delay 48h,,0.1,7,241,-0.010370872633052362,0.19809999999999986,0.7759336099585062,0.9315625933277767,-1.0,161,0.005638810534599638,0.04710291323493635,0.5714285714285714,1.0685640256788722,-1.0
drop 10% (after 1h),0.2,0.1,1,227,-0.010394836576199414,0.19212008354838708,0.6255506607929515,0.9180774418437803,-0.5473205654012343,104,-0.0038876155492119776,0.00010974545000069606,0.5,0.9362702880868444,-0.4071147337704919
drop 20% (after 4h),0.1,,3,211,-0.010518912062967848,-0.2060011205309137,0.2890995260663507,0.9289164025429495,-0.3563684850115252,49,-0.00526544057044178,-0.062197352577030865,0.46938775510204084,0.9476252914816371,-0.237713593093839
delay 1h,0.45,0.2,7,241,-0.010520534705092304,0.36936262427536604,0.6556016597510373,0.9554055225678917,-1.0,161,0.0176174513158488,0.0375880027802748,0.5590062111801242,1.1769755721403474,-0.9082528999999999
delay 48h,0.2,,7,241,-0.01062315337553347,-0.14158003265867233,0.43983402489626555,0.9482959909863379,-0.5013445561589105,161,-0.007450426647441784,-0.005625634688878056,0.4906832298136646,0.9321977087713418,-0.4397451464572975
drop 10% (after 1h),0.1,,3,227,-0.010631987361157303,-0.20612228503996236,0.28193832599118945,0.9265533633003559,-0.30725336376543244,104,0.0009824600526822736,-0.03593066410899938,0.41346153846153844,1.0114816192289984,-0.23585165326426835
drop 10% (after 1h),0.45,0.1,3,227,-0.01065290962701081,0.19809999999999978,0.7444933920704846,0.9303661102485872,-0.9237698878256878,104,0.010046882419827787,0.041112902361574805,0.5673076923076923,1.1327882221731185,-0.9082528999999998
delay 0.5h,,,1,241,-0.010718843316113464,0.0678714028826525,0.6058091286307054,0.949956925900924,-1.0,161,-0.005243222347022901,0.015933394219066824,0.5652173913043478,0.9232582588349167,-1.0
drop 15% (after 1h),0.3,0.1,3,217,-0.01080435684298884,0.19727554315811244,0.7096774193548387,0.9253314346085737,-0.7778929810685807,69,-0.009329611685094517,0.03679928965318913,0.5797101449275363,0.9012703700088449,-0.6089237587053808
drop 20% (after 1h),0.1,0.2,3,211,-0.010830125790350488,-0.2060011205309137,0.35545023696682465,0.9182660935579655,-0.26320717166550556,49,-0.02155017630790097,-0.062197352577030865,0.46938775510204084,0.7838652203378237,-0.21182674969936713
delay 2h,0.2,,3,241,-0.010838710309533118,-0.08017529908058157,0.46473029045643155,0.9453938313052338,-0.6423299420138356,161,0.0017412966866189707,0.0026325235683535286,0.5093167701863354,1.0224090726001829,-0.4383159545377814
drop 10% (after 1h),0.3,0.1,3,227,-0.010932159980155103,0.19757836796675687,0.6960352422907489,0.9241092325313065,-0.7816917435956793,104,0.010123226816024504,0.041112902361574805,0.5673076923076923,1.1339323974648978,-0.6078797231929253
drop 10% (after 1h),0.2,0.1,3,227,-0.010942328508538171,0.1943097958842442,0.6387665198237885,0.9175540733539017,-0.5473205654012343,104,-0.0005841376835920447,0.024679934698645493,0.5384615384615384,0.9928095338981912,-0.4132828130497965
delay 48h,0.15,0.3,7,241,-0.01095562584756379,-0.2976547737922144,0.3900414937759336,0.9373573505831336,-0.3889361447194131,161,-0.017023268204824357,-0.013569153738743556,0.45962732919254656,0.835446801538608,-0.33949504645729744
delay 4h,0.45,0.5,3,241,-0.010997292352494883,0.09737342409437888,0.5975103734439834,0.9545487735253082,-0.9462847290163011,161,0.016988541884258915,0.017945106829454438,0.5714285714285714,1.2173308672786578,-0.9374789812395514
delay 0.5h,0.2,0.2,3,241,-0.011102096719381853,0.0327693411626633,0.5228215767634855,0.9358127709457467,-0.44652920499483617,161,-0.0003406836171579709,0.01150894451473369,0.5527950310559007,0.9955891823442556,-0.4210858029200069
drop 10% (after 1h),0.3,0.1,1,227,-0.01111831979880803,0.19510405466468347,0.6784140969162996,0.9188529228896825,-0.7816917435956793,104,0.002825391288526325,0.007099532067097006,0.5192307692307693,1.0499771580500015,-0.6078797231929253
delay 0.5h,,0.1,1,241,-0.011189874048198108,0.19500374357916286,0.7302904564315352,0.9170504925747265,-1.0,161,-0.011350713164504323,0.018133886110349468,0.577639751552795,0.8267492087889652,-1.0
delay 2h,0.3,0.2,1,241,-0.011219750014034175,0.06862838860602719,0.6099585062240664,0.9318863435665048,-0.8765709473481939,161,-0.0029436655304789635,0.00973545563224405,0.546583850931677,0.9499945154182843,-0.6388161545377817
drop 30% (after 1h),0.1,,1,188,-0.011225800468619608,-0.20611538241470656,0.34574468085106386,0.9126178605201646,-0.24884163353737826,24,-0.08999117850418006,-0.20533806782290903,0.20833333333333334,0.35254169371506683,-0.216290537926546
drop 10% (after 1h),,0.5,1,227,-0.011441878128621534,0.11769081306352469,0.6123348017621145,0.9465072984147738,-1.0,104,-0.022589572811267136,-0.006847639565452521,0.46153846153846156,0.7214945967829843,-1.0
delay 2h,0.3,,1,241,-0.011480380849756626,0.05481588706487332,0.5892116182572614,0.9343884278435255,-0.8765709473481939,161,-0.003321517748324468,0.00973545563224405,0.546583850931677,0.9435757551827877,-0.6388161545377817
delay 1h,0.2,,3,241,-0.01151063740017774,-0.1491238930150666,0.43983402489626555,0.9436283406631447,-0.4886438342629481,161,0.014280640801729477,0.014370391124061504,0.5590062111801242,1.189346364369659,-0.4346932205757953
drop 20% (after 1h),,0.1,3,211,-0.011598080306422218,0.19809999999999983,0.7582938388625592,0.9243873877546793,-1.0,49,-0.001007149996071157,0.1918007447323794,0.7142857142857143,0.9910281983941693,-1.0
delay 2h,0.45,0.1,7,241,-0.011707939068836621,0.1976482106207573,0.7676348547717843,0.9247003144179491,-0.9304379643712369,161,0.03087788303767441,0.09473989159542222,0.6086956521739131,1.4382054792672916,-0.9050720492751531
drop 20% (after 4h),0.45,0.5,3,211,-0.01174534752278965,0.06857749075940878,0.5781990521327014,0.9523310510846316,-0.9475704410108763,49,-0.05353773958206377,0.022666101137166893,0.5918367346938775,0.7281165261834609,-0.939464293093838
delay 0.5h,0.3,0.1,1,241,-0.011766565158158371,0.19446798333763074,0.6846473029045643,0.9098476423187535,-0.6989575241297236,161,-0.0015448232621003554,0.018133886110349468,0.577639751552795,0.9722703658958085,-0.6078847028908279
drop 10% (after 1h),0.3,0.2,1,227,-0.011874736858233108,0.08941371681415941,0.5859030837004405,0.9328199870310063,-0.7816917435956793,104,-0.006178399858478779,-0.004779470329754069,0.47115384615384615,0.9087069668649036,-0.6078797231929253
drop 10% (after 1h),,0.1,7,227,-0.01193243475057258,0.19809999999999983,0.775330396475771,0.9260062356431626,-1.0,104,0.018292088464525506,0.1917384075849578,0.6826923076923077,1.1910789615201332,-1.0
drop 15% (after 1h),0.1,0.1,1,217,-0.012009591426774553,-0.03865584228240253,0.4930875576036866,0.8817268871152302,-0.3009949559808616,69,-0.006426989133561659,-0.023471690978655105,0.391304347826087,0.8935333679036449,-0.21852361837310197
drop 15% (after 1h),,0.1,3,217,-0.012093365937779006,0.19794617536673123,0.7603686635944701,0.921783117959567,-1.0,69,0.007903273705324412,0.05005996257766845,0.6086956521739131,1.0980801480171252,-1.0
delay 0.5h,0.2,0.2,1,241,-0.012115023200595454,0.014467019706231182,0.5269709543568465,0.9242360588721432,-0.44652920499483617,161,-0.0048976428546552405,0.009507188398549875,0.546583850931677,0.9232732818819072,-0.41265659696249984
delay 4h,0.45,,7,241,-0.012188502418424797,0.10111209202782252,0.5809128630705395,0.958574648501385,-1.0,161,0.013374953814082704,0.00994923576236546,0.515527950310559,1.1185995614473094,-0.9374789812395514
drop 15% (after 1h),0.1,0.1,3,217,-0.012216466641246948,-0.1183775671499743,0.4930875576036866,0.8828223441590158,-0.3009949559808616,69,-0.0009668162711547792,7.804260836201393e-05,0.5072463768115942,0.9869754298140483,-0.22092273959222908
delay 2h,0.45,0.1,3,241,-0.012325520498828789,0.19718897088124987,0.7551867219917012,0.9188763510722227,-0.9304379643712369,161,0.029960624697679995,0.032257269344262304,0.5838509316770186,1.6010389028252676,-0.9050720492751531
drop 15% (after 1h),0.2,0.1,7,217,-0.012358948306598075,0.19503927439054958,0.6405529953917051,0.9092473847580449,-0.5423873681977669,69,0.019371424879926984,0.18038233435238316,0.6811594202898551,1.2078871993078097,-0.40870649939655157
delay 2h,0.1,0.2,3,241,-0.012383111172178546,-0.20573758563128314,0.3651452282157676,0.9017167643199183,-0.2593121936606519,161,-0.002862547118663812,-0.006422177009155614,0.4658385093167702,0.9583521519890438,-0.22048392711218107
drop 30% (after 1h),0.1,0.1,3,188,-0.01243999476977385,-0.20340381765023197,0.48404255319148937,0.8825582825788161,-0.24884163353737826,24,-0.0663515429890997,-0.20550498054655347,0.375,0.4863572472480931,-0.216290537926546
drop 20% (after 1h),0.1,0.3,3,211,-0.012648156027678504,-0.2063951284858171,0.2890995260663507,0.9139910789826458,-0.3563684850115252,49,-0.004353200410608489,-0.062197352577030865,0.46938775510204084,0.9563401246407806,-0.21182674969936713
delay 1h,,0.5,1,241,-0.01268829220205412,0.0844745746577756,0.6099585062240664,0.9397398196223049,-1.0,161,0.0031493241115884557,0.01761440881997043,0.5652173913043478,1.0549330247269448,-1.0
delay 0.5h,0.2,0.2,7,241,-0.012785564970750857,-0.005190421247892145,0.4979253112033195,0.9299005568991101,-0.4978915234376186,161,0.008898391723785315,0.004908857246001545,0.5093167701863354,1.0904780802559868,-0.4210858029200069
drop 30% (after 1h),0.1,0.1,1,188,-0.01283755600271695,-0.06959747830820673,0.4734042553191489,0.8753568640437607,-0.24884163353737826,24,-0.06108319196682617,-0.19968697090745968,0.3333333333333333,0.4940355812869991,-0.216290537926546
drop 10% (after 1h),0.2,,3,227,-0.012880704591712807,-0.3695503355646681,0.42290748898678415,0.9394889141949345,-0.5473205654012343,104,-0.0032355027464062843,-0.015896713701589207,0.4519230769230769,0.9682518880321473,-0.43635185326426806
drop 20% (after 4h),,,7,211,-0.01291499066110166,0.14347525681300793,0.5734597156398105,0.9593503862914449,-1.0,49,-0.025932788734244833,0.03349892267146678,0.5306122448979592,0.8846294171872185,-1.0
delay 0.5h,,0.1,3,241,-0.01291637690421773,0.19792417959479522,0.7634854771784232,0.9155826142270848,-1.0,161,0.0013289162141233554,0.020054636309760846,0.5900621118012422,1.017995384472268,-1.0
delay 2h,0.3,,7,241,-0.012993238814192863,-0.03232674986430166,0.4854771784232365,0.95107812996838,-0.8765709473481939,161,0.008142736130883581,-0.002261827425157726,0.4968944099378882,1.0723095844204258,-0.6449367523072349
drop 20% (after 1h),0.1,0.5,3,211,-0.013033252368187507,-0.2063963928516689,0.26066350710900477,0.9146314954087139,-0.3563684850115252,49,0.0014622016501838247,-0.062197352577030865,0.46938775510204084,1.0146649673287491,-0.21182674969936713
drop 10% (after 4h),0.3,,3,227,-0.013053852402045674,0.030361411234843674,0.5110132158590308,0.9433203498553232,-0.7816917435956793,104,0.007795281835063993,-0.006840934285521854,0.49038461538461536,1.0788854364453586,-0.6362193324679486
drop 10% (after 1h),,0.2,1,227,-0.013111646867821486,0.1433733774064837,0.6431718061674009,0.9321684203774079,-1.0,104,-0.009996438052722528,-0.004779470329754069,0.47115384615384615,0.8601791446574981,-1.0
drop 20% (after 4h),0.3,0.5,3,211,-0.0132008963835596,0.03208454362077669,0.5165876777251185,0.9437283159990518,-0.6375441083878156,49,-0.01698443863099055,0.022666101137166893,0.5918367346938775,0.8940862153218909,-0.6387139930938388
drop 30% (after 1h),0.1,0.1,7,188,-0.013228716511564476,-0.20453714189343153,0.48404255319148937,0.8763913510284679,-0.24884163353737826,24,-0.068307564184445,-0.20550498054655347,0.375,0.47121523146432637,-0.216290537926546
drop 15% (after 1h),,0.1,1,217,-0.013287825593432945,0.19645367346007606,0.7188940092165899,0.9082615661722353,-1.0,69,-0.01684394273890449,-0.014465440522100317,0.43478260869565216,0.7868563323279105,-1.0
delay 1h,0.3,0.1,3,241,-0.013296830994496819,0.19654934895614207,0.7012448132780082,0.906522353051809,-0.6542691198237885,161,0.024284581978512396,0.037257143234257224,0.6149068322981367,1.4284995031057643,-0.6078686488728261
drop 15% (after 1h),0.1,0.2,7,217,-0.013303276591851798,-0.20629561211226036,0.33640552995391704,0.9036821741594169,-0.3009949559808616,69,0.028300214272767337,0.00506351616669562,0.5072463768115942,1.3084353501838708,-0.22092273959222908
delay 0.5h,0.45,,3,241,-0.013353768910135224,0.09380704772475011,0.5892116182572614,0.9496716598350788,-1.0,161,0.015254505734817039,0.01545838926174499,0.5714285714285714,1.1923369604248284,-0.9436979062283894
delay 48h,0.3,0.2,7,241,-0.013430388392640347,0.11902114361602147,0.5809128630705395,0.9341330326420768,-0.7018232075983458,161,-0.004861416513440021,0.009060297745996574,0.515527950310559,0.9540687340442932,-0.6285870990727567
delay 2h,0.3,0.2,7,241,-0.013488562467411907,0.17577704096127666,0.5850622406639004,0.9359014039870817,-0.8765709473481939,161,-0.0016803412703168337,0.00038639288018408637,0.5031055900621118,0.9849727474480129,-0.6449367523072349
drop 15% (after 4h),0.2,,3,217,-0.013626684209857977,-0.1254363487376418,0.4423963133640553,0.9333222698947117,-0.5423873681977669,69,0.018507649642706958,0.006714294886914515,0.5217391304347826,1.1856915204616778,-0.4357191324679484
drop 15% (after 4h),,,7,217,-0.013633356573110574,0.14754041918560087,0.576036866359447,0.956307512554568,-1.0,69,0.050871805612966677,0.04320414102806549,0.6376811594202898,1.3479943767306926,-1.0
delay 48h,0.45,0.5,7,241,-0.013662009926346365,0.09534579196388271,0.5767634854771784,0.9487809538385235,-1.0,161,0.016104990819130152,0.01688546706635931,0.5279503105590062,1.1704747192616094,-0.9082336187153542
delay 48h,0.3,0.1,1,241,-0.013693167256645324,0.03947363911954677,0.5892116182572614,0.8656382130012444,-0.6916258506243682,161,-0.00581317276875706,0.0032072966156107626,0.5341614906832298,0.8673972931360838,-0.6074024121387285
drop 20% (after 1h),,0.1,1,211,-0.01370043850821985,0.19734405429454832,0.6872037914691943,0.9021458332365478,-1.0,49,0.030122144235387695,0.09674781116203401,0.6122448979591837,1.4288909966351697,-1.0
delay 1h,,0.2,7,241,-0.01370201240990427,0.3700327350945341,0.6639004149377593,0.9434863311869485,-1.0,161,0.014541563200076697,0.0375880027802748,0.5590062111801242,1.1416985255000422,-1.0
delay 1h,0.45,0.1,3,241,-0.013886483303260082,0.19733038607674264,0.7510373443983402,0.9087955890929285,-1.0,161,0.025698125373751393,0.038744905797029716,0.6211180124223602,1.4611938189497655,-0.9082528999999999
drop 30% (after 4h),0.45,,3,188,-0.014174203824163924,0.1278956433713584,0.5797872340425532,0.940906782503137,-0.9889922229550034,24,-0.08819889432997846,0.04706615417806585,0.5416666666666666,0.6673700797739857,-0.936815177638308
delay 48h,0.45,0.3,7,241,-0.014306220884472953,0.11952409486803524,0.5975103734439834,0.943838532526717,-1.0,161,0.0069040151736876046,0.01688546706635931,0.5279503105590062,1.0730804544833548,-0.9082336187153542
drop 30% (after 4h),,,7,188,-0.014335441401233523,0.12209747561087492,0.5638297872340425,0.9564559210210363,-1.0,24,-0.07191697571323623,0.12682332720012335,0.625,0.7539127062534396,-1.0
delay 1h,,0.5,3,241,-0.01438003277008628,0.07752076394835947,0.5892116182572614,0.9451125156593488,-1.0,161,0.02426752197522748,0.024755814942494906,0.5900621118012422,1.3400284736610188,-1.0
delay 48h,0.15,0.5,7,241,-0.014457409248758962,-0.29966539709040296,0.37344398340248963,0.9192356212890384,-0.3889361447194131,161,-0.008350081828363628,-0.013569153738743556,0.45962732919254656,0.919285024723855,-0.33949504645729744
delay 2h,0.45,0.1,1,241,-0.014501117141809784,0.19520010028653287,0.7385892116182573,0.8975742308355766,-0.9237343798443938,161,0.013459791965625875,0.01685497659906385,0.5900621118012422,1.3193980056666619,-0.9050720492751531
drop 15% (after 4h),0.3,0.1,7,217,-0.014590777918054958,0.19729650074323798,0.7142857142857143,0.9043844983678028,-0.7778929810685807,69,0.010863291128776074,0.18713221032590993,0.7101449275362319,1.1011044325687211,-0.609179747466912
delay 2h,0.3,0.2,3,241,-0.014618160104200521,0.11483691275167798,0.6016597510373444,0.9259828082828825,-0.8765709473481939,161,0.0021214598093845156,0.008931835941042925,0.5279503105590062,1.0289172821475883,-0.6388161545377817
drop 10% (after 1h),0.2,0.2,7,227,-0.014658791098645343,-0.01746248284113829,0.4933920704845815,0.9237684940101231,-0.5473205654012343,104,-0.00042447497455210865,0.03901730889928015,0.5384615384615384,0.9968509315554143,-0.4167571446620044
delay 2h,0.1,0.3,1,241,-0.014753654600239696,-0.2053069707663289,0.36929460580912865,0.878885289133661,-0.2593121936606519,161,0.0007712379265268951,0.00860565352178427,0.5279503105590062,1.015517259623281,-0.21200506809002456
delay 4h,0.3,,3,241,-0.014970663272353165,0.04843415988144478,0.5352697095435685,0.9322924800240132,-0.6736306813421343,161,0.014562811154473259,0.01789810309212144,0.5652173913043478,1.1904627667944792,-0.6367286812395517
drop 15% (after 1h),0.1,,1,217,-0.014994282594264587,-0.2060924651252409,0.35023041474654376,0.8860617563150269,-0.3009949559808616,69,-0.007754720981045958,-0.02788750942739444,0.36231884057971014,0.8831529764540401,-0.21852361837310197
delay 1h,0.45,,3,241,-0.015083122860676325,0.07046950892380544,0.5809128630705395,0.9407472535743118,-1.0,161,0.026434083576515954,0.024755814942494906,0.5900621118012422,1.3819814831408024,-0.9359437205757952
delay 1h,0.3,0.1,7,241,-0.015144618564295552,0.19727247448034937,0.7012448132780082,0.8974153652310125,-0.6542691198237885,161,0.02163363360683165,0.07493818904363982,0.6149068322981367,1.2736095864727877,-0.644657891628319
drop 15% (after 1h),0.1,0.1,7,217,-0.01526768436902062,-0.20307138588801107,0.4792626728110599,0.8582269803100867,-0.3009949559808616,69,0.017702937025196062,0.1042988127160873,0.5652173913043478,1.2211558004155951,-0.22092273959222908
delay 48h,0.15,0.1,7,241,-0.015448413104404118,0.18547897052188547,0.5726141078838174,0.8719872004509827,-0.3889361447194131,161,-0.014069475863460338,0.007898169919632818,0.5093167701863354,0.8446614196907197,-0.33949504645729744
drop 20% (after 4h),,0.5,3,211,-0.015452413859967741,0.06857749075940878,0.5829383886255924,0.9382747265541265,-1.0,49,-0.04528965686358182,0.022666101137166893,0.5918367346938775,0.7599482230925425,-1.0
drop 15% (after 1h),0.3,0.2,7,217,-0.015460675062643462,0.34798968344574144,0.5806451612903226,0.9323510333400943,-0.7778929810685807,69,-0.004689166346275335,0.04320414102806549,0.6231884057971014,0.969540583078013,-0.6390635170305858
drop 15% (after 1h),0.3,0.1,7,217,-0.01554982214948729,0.19794617536673123,0.7096774193548387,0.8986746298869589,-0.7778929810685807,69,-0.0007832388519115039,0.1854318501676317,0.6956521739130435,0.9932589349792207,-0.6089237587053808
drop 20% (after 1h),,,3,211,-0.015650069503470643,0.06667076840212696,0.5734597156398105,0.9407353467481792,-1.0,49,-0.07461106970744302,0.018409280190159676,0.5714285714285714,0.643136212017897,-1.0
drop 10% (after 1h),0.3,,1,227,-0.015693452681656995,0.04338876723735424,0.5506607929515418,0.9191034456030553,-0.7816917435956793,104,-0.015279727436872118,-0.006847639565452521,0.46153846153846156,0.7929580521313294,-0.6368520532642682
drop 10% (after 1h),0.2,,1,227,-0.015864775865668083,-0.04985175278028165,0.47577092511013214,0.9101979656579485,-0.5473205654012343,104,-0.020864679751417946,-0.0087537255695452,0.4423076923076923,0.725561537601132,-0.43635185326426806
delay 0.5h,,,3,241,-0.015871662992319065,0.09625258351325952,0.5933609958506224,0.9409987496481922,-1.0,161,0.012552131558118662,0.01545838926174499,0.5714285714285714,1.1530491425999891,-1.0
delay 1h,0.45,0.1,7,241,-0.01588241406437588,0.19792396185515412,0.7551867219917012,0.9000594747051355,-1.0,161,0.02723900633773998,0.07824539177478343,0.6211180124223602,1.3646871179999447,-0.9082528999999999
drop 30% (after 1h),,0.2,7,188,-0.01602176493882164,0.37435710606571787,0.6648936170212766,0.9376156888226492,-1.0,24,-0.09434340455510891,0.17025305879734,0.625,0.6771733950218006,-1.0
delay 2h,0.3,0.5,3,241,-0.016024997598618466,0.04515095707207226,0.5394190871369294,0.9305146661289448,-0.8765709473481939,161,0.011609103964884095,0.008931835941042925,0.5279503105590062,1.1582418546645168,-0.6388161545377817
delay 48h,0.45,0.1,3,241,-0.016219672031317342,0.1943331033336907,0.6763485477178424,0.8821098110771322,-1.0,161,-0.0005520028070289396,0.012294563302263601,0.5403726708074534,0.9918627394808834,-0.9082336187153542
delay 48h,0.45,0.1,1,241,-0.016490018361898177,0.046336178941423264,0.6016597510373444,0.8449230647879995,-0.9395536173679933,161,-0.005219512187198874,0.003861589161479187,0.5403726708074534,0.8799977240288734,-0.9077059010058277
delay 2h,0.1,0.2,7,241,-0.016538109363227988,-0.20592306216072384,0.34439834024896265,0.8730293842484919,-0.2593121936606519,161,-0.016360915171554764,-0.04726589122100654,0.37267080745341613,0.8247958974087387,-0.23175511883304062
delay 48h,0.1,0.2,3,241,-0.01654708055071247,-0.20350300219201897,0.35269709543568467,0.8611310440117421,-0.2886860447194136,161,0.00139407247652142,-0.01045742988856314,0.4720496894409938,1.021608687976676,-0.23415850196301594
delay 1h,0.3,0.1,1,241,-0.016552500077571034,0.19328443232758613,0.6721991701244814,0.8766358707869009,-0.6542691198237885,161,0.011716984768937497,0.021378093688562638,0.5838509316770186,1.264664334109768,-0.6078686488728261
drop 10% (after 1h),0.45,0.1,1,227,-0.016836029625088282,0.1963958716949539,0.7136563876651982,0.8873727483792399,-0.9237698878256878,104,-0.0033555587615980843,0.007099532067097006,0.5192307692307693,0.9464947775702238,-0.9082528999999998
drop 15% (after 4h),0.3,0.5,3,217,-0.016875968205378778,0.048113884462151216,0.5207373271889401,0.9305228956925011,-0.7778929810685807,69,0.003707150599704321,0.007085336288873673,0.5362318840579711,1.0321466628072622,-0.6362193324679486
drop 20% (after 4h),0.15,,3,211,-0.01688659353444352,-0.30225732148033513,0.3744075829383886,0.9080333955983483,-0.5479148693857494,49,-0.0023230561872797572,0.013563500841437402,0.5306122448979592,0.9805657404252863,-0.3379636930938385
drop 10% (after 1h),0.3,,3,227,-0.01688688078184061,0.003611176178429161,0.5022026431718062,0.9304970186510231,-0.7816917435956793,104,0.0019948108022287193,-0.011464334669687014,0.47115384615384615,1.0190896767072872,-0.6368520532642682
drop 30% (after 1h),,,3,188,-0.016955512777766826,0.1255184039730009,0.5797872340425532,0.9352262178779377,-1.0,24,-0.10606743158448799,0.04706615417806585,0.5416666666666666,0.6252362149054368,-1.0
delay 1h,,0.2,1,241,-0.01698501940962318,0.10671711460183017,0.6390041493775933,0.9118005825440914,-1.0,161,0.012930967303001823,0.017965422028395028,0.5714285714285714,1.252957790677623,-1.0
drop 10% (after 1h),0.2,0.2,3,227,-0.017060687452094006,-0.010548912195484884,0.4977973568281938,0.906883427099407,-0.5473205654012343,104,-0.004618342325120089,-0.011464334669687014,0.47115384615384615,0.9526613954099327,-0.4167571446620044
delay 48h,0.1,0.3,3,241,-0.017184256999882876,-0.20396199907106605,0.33195020746887965,0.8599423191174358,-0.2886860447194136,161,-0.004822931737287813,-0.012225266148857909,0.45962732919254656,0.9280855445080515,-0.23415850196301594
delay 2h,0.45,,7,241,-0.01721254902318331,0.07855620336173036,0.5643153526970954,0.9427865606968449,-1.0,161,0.012040112280204324,0.004910437569261021,0.5093167701863354,1.1073081216087752,-0.939566454537781
delay 48h,,0.3,7,241,-0.01725414668319342,0.12277129217412296,0.6016597510373444,0.9332326488745571,-1.0,161,0.0039184310547493014,0.01688546706635931,0.5279503105590062,1.0402067620958195,-1.0
delay 48h,0.2,0.1,7,241,-0.017276908394362037,0.193075534051542,0.6307053941908713,0.8702609433624551,-0.49112565062436797,161,-0.01281221731285981,0.023764827226359777,0.5403726708074534,0.864810389963262,-0.4397451464572975
delay 48h,,0.1,1,241,-0.017514545234940383,0.046336178941423264,0.6016597510373444,0.8368599616567167,-1.0,161,-0.006366616005701478,0.003861589161479187,0.5403726708074534,0.8573857461637069,-1.0
drop 20% (after 4h),0.3,,7,211,-0.017615543533142118,-0.0804084457183673,0.4881516587677725,0.9376549961006113,-0.7649693332404918,49,-0.00553814328087135,0.03299572317276064,0.5102040816326531,0.9712617674776373,-0.6387139930938388
delay 1h,,0.2,3,241,-0.017683886992548938,0.22758282467048094,0.6680497925311203,0.9211379910898897,-1.0,161,0.020381756312799384,0.0263649535064406,0.5962732919254659,1.3128055681119208,-1.0
delay 2h,0.1,0.5,1,241,-0.017738576105525147,-0.2055089897859779,0.3651452282157676,0.8554805018700471,-0.2593121936606519,161,0.000578294780413095,0.00860565352178427,0.5279503105590062,1.0116352553963064,-0.21200506809002456
drop 15% (after 4h),0.45,,7,217,-0.017804004616854274,0.1365540469197289,0.5622119815668203,0.9423503922375661,-1.0,69,0.056692063005239594,0.04320414102806549,0.6376811594202898,1.4038890003568205,-0.9369696324679483
delay 48h,,0.5,7,241,-0.01788146226830046,0.09894382373303927,0.5809128630705395,0.9341859189111713,-1.0,161,0.01311940670019185,0.01688546706635931,0.5279503105590062,1.134617365129744,-1.0
delay 48h,0.15,0.1,3,241,-0.017890886203391507,0.06863777010425243,0.5518672199170125,0.8445642865867641,-0.3889361447194131,161,0.0005587959069088265,0.008697777200266679,0.515527950310559,1.0089882971595465,-0.3344086019630158
drop 10% (after 1h),,,1,227,-0.01791288347577725,0.11643205378607799,0.6079295154185022,0.9162806846436568,-1.0,104,-0.022589572811267136,-0.006847639565452521,0.46153846153846156,0.7214945967829843,-1.0
drop 10% (after 1h),,0.2,3,227,-0.018006624725878457,0.2644932049157129,0.6431718061674009,0.921631676794792,-1.0,104,-0.002711017271280608,-0.0005855026005633085,0.5,0.9733589796801736,-1.0
drop 20% (after 1h),0.1,,3,211,-0.01841412423232945,-0.2063963928516689,0.26066350710900477,0.8793864950463827,-0.3563684850115252,49,0.0014622016501838247,-0.062197352577030865,0.46938775510204084,1.0146649673287491,-0.21182674969936713
delay 2h,0.45,0.5,1,241,-0.018465535476595987,0.07553697453049366,0.6265560165975104,0.9077082772779332,-0.9237343798443938,161,-0.0019683320146954373,0.009934712960905326,0.5527950310559007,0.9661176906607785,-0.939566454537781
delay 48h,,0.1,3,241,-0.018827421807584177,0.1943331033336907,0.6804979253112033,0.8657880957009807,-1.0,161,-0.00226908414903866,0.012294563302263601,0.5403726708074534,0.9673764316052238,-1.0
delay 4h,,,3,241,-0.01891226205042014,0.09925848957435887,0.6016597510373444,0.9226662274683558,-1.0,161,0.01433304999192943,0.017945106829454438,0.5714285714285714,1.177335425381972,-1.0
delay 48h,0.2,0.1,3,241,-0.01900305306735817,0.18547897052188547,0.6016597510373444,0.8484828007445211,-0.49112565062436797,161,-0.0019039439062407237,0.009231581489711035,0.5279503105590062,0.9714711637798455,-0.41266575817270196
delay 1h,,,1,241,-0.019043250749350014,0.0844745746577756,0.6099585062240664,0.9095583781600071,-1.0,161,0.0031493241115884557,0.01761440881997043,0.5652173913043478,1.0549330247269448,-1.0
drop 30% (after 4h),0.2,,3,188,-0.01912969836910095,-0.13205755595424118,0.4521276595744681,0.9069749865247505,-0.5768283474288853,24,-0.14495073828358415,-0.3888707595855038,0.3333333333333333,0.40462812451694724,-0.43556467763830775
delay 2h,0.1,,1,241,-0.019262732771161365,-0.2055089897859779,0.3651452282157676,0.8430629123702587,-0.2593121936606519,161,0.000578294780413095,0.00860565352178427,0.5279503105590062,1.0116352553963064,-0.21200506809002456
drop 15% (after 4h),,0.5,3,217,-0.0193163493515075,0.10232943831494462,0.5806451612903226,0.924752645314283,-1.0,69,0.018757409683137223,0.032021152270531136,0.5652173913043478,1.171682147504616,-1.0
drop 10% (after 1h),,,3,227,-0.01933917529133595,0.09214085716262967,0.5814977973568282,0.9280199443918142,-1.0,104,-0.003987299892130658,-0.006840934285521854,0.4807692307692308,0.9642499216157855,-1.0
drop 10% (after 1h),0.3,0.2,3,227,-0.019474991466138278,0.1150178890029082,0.5682819383259912,0.9056431677075738,-0.7816917435956793,104,-0.00022071375707249794,-0.006840934285521854,0.49038461538461536,0.9977527956289505,-0.6172573446620049
delay 48h,0.15,0.2,7,241,-0.019726514430292854,-0.27607331598055496,0.4315352697095436,0.87840397814012,-0.3889361447194131,161,-0.009279021154039497,-0.01194784855293936,0.4720496894409938,0.9074704295867826,-0.33949504645729744
delay 48h,0.1,0.2,1,241,-0.020090693106320424,-0.03317948883561634,0.43568464730290457,0.7856117380379125,-0.2886860447194136,161,-0.0010068337492465833,0.0010802841918293774,0.515527950310559,0.9740856424741601,-0.2097800698002448
delay 48h,0.1,0.5,1,241,-0.020097843103926646,-0.03407974020242924,0.4315352697095436,0.7875702550584793,-0.2886860447194136,161,8.104335059929523e-05,0.0010802841918293774,0.515527950310559,1.0020859316288253,-0.2097800698002448
delay 2h,0.45,0.3,1,241,-0.020326651332854127,0.08628879708533804,0.6307053941908713,0.8973652595784695,-0.9237343798443938,161,-0.001775388868581637,0.009934712960905326,0.5527950310559007,0.9694389592845183,-0.939566454537781
delay 48h,0.1,,1,241,-0.02035672659637439,-0.03407974020242924,0.4315352697095436,0.7848339139503383,-0.2886860447194136,161,8.104335059929523e-05,0.0010802841918293774,0.515527950310559,1.0020859316288253,-0.2097800698002448
drop 30% (after 1h),,,7,188,-0.020451741429831468,0.10750227040339926,0.5531914893617021,0.9406353904755472,-1.0,24,-0.07191697571323623,0.12682332720012335,0.625,0.7539127062534396,-1.0
drop 30% (after 4h),,,3,188,-0.02061738605433318,0.1285812138796284,0.5904255319148937,0.9169167619430499,-1.0,24,-0.10606743158448799,0.04706615417806585,0.5416666666666666,0.6252362149054368,-1.0
drop 10% (after 4h),0.45,,3,227,-0.02114745288326785,0.11009888275149049,0.5682819383259912,0.9150816241217803,-0.9889922229550034,104,0.013212337720141867,-0.002997212413503806,0.5,1.1325897493525174,-0.9369696324679483
delay 48h,0.45,,7,241,-0.021309400479256866,0.0841494534964821,0.5726141078838174,0.9212010122487172,-1.0,161,0.016100820499469603,0.01688546706635931,0.5279503105590062,1.170430575549803,-0.9082336187153542
delay 2h,0.1,0.2,1,241,-0.021313243474097552,-0.2044152278161404,0.38589211618257263,0.8200377609885129,-0.2593121936606519,161,0.0009561469982585996,0.00860565352178427,0.5279503105590062,1.0192376187680678,-0.21200506809002456
delay 2h,,0.1,3,241,-0.02152021428590565,0.19725190512083424,0.7593360995850622,0.8671211911547464,-1.0,161,0.02937101009690455,0.032257269344262304,0.5838509316770186,1.5823228165432548,-1.0
drop 15% (after 4h),0.45,0.5,3,217,-0.021668394814138733,0.10182781911234394,0.5714285714285714,0.9157152826311857,-0.9475704410108763,69,0.023546465097017393,0.032021152270531136,0.5652173913043478,1.225395002908377,-0.9369696324679483
delay 2h,,0.1,7,241,-0.021758195882550676,0.19778404164304375,0.7717842323651453,0.8692092601925021,-1.0,161,0.031808693216695175,0.09473989159542222,0.6086956521739131,1.4574579936396208,-1.0
delay 48h,0.1,0.5,3,241,-0.021963459259893906,-0.20396199907106605,0.3278008298755187,0.8221878756838971,-0.2886860447194136,161,-0.004565182455955969,-0.012225266148857909,0.45962732919254656,0.9319288290971972,-0.23415850196301594
delay 48h,0.15,,7,241,-0.022118952180635743,-0.29966539709040296,0.36929460580912865,0.8772677193320153,-0.3889361447194131,161,-0.008354252148024177,-0.013569153738743556,0.45962732919254656,0.9192447128735985,-0.33949504645729744
delay 48h,0.1,0.3,1,241,-0.022174474319148534,-0.03407974020242924,0.4315352697095436,0.7656207236034847,-0.2886860447194136,161,-0.00012296873584067636,0.0010802841918293774,0.515527950310559,0.9968349732143361,-0.2097800698002448
delay 1h,,0.1,3,241,-0.022300428751595505,0.19756687293288328,0.7551867219917012,0.8619122980072687,-1.0,161,0.02453212138189529,0.038744905797029716,0.6211180124223602,1.4312438953351139,-1.0
delay 1h,,,3,241,-0.022568490380863,0.07269520688642603,0.5850622406639004,0.9143241441985483,-1.0,161,0.02426752197522748,0.024755814942494906,0.5900621118012422,1.3400284736610188,-1.0
delay 1h,0.45,0.1,1,241,-0.022833201392958455,0.19517213596914162,0.7095435684647303,0.8448568707564995,-1.0,161,0.008179190648443134,0.021378093688562638,0.5838509316770186,1.1710808939025128,-0.9082528999999999
delay 2h,,0.1,1,241,-0.02326450498672672,0.19520010028653287,0.7385892116182573,0.8452542961894851,-1.0,161,0.012870177364850428,0.01685497659906385,0.5900621118012422,1.3011924633182,-1.0
delay 48h,0.2,0.2,7,241,-0.023590605147896918,-0.03878617511520742,0.4896265560165975,0.8735110488187094,-0.5013445561589105,161,-0.008415661274248403,0.005606787284580705,0.5031055900621118,0.920675921559595,-0.4397451464572975
drop 10% (after 1h),0.3,0.2,7,227,-0.024057665045923198,0.26166321639385715,0.5726872246696035,0.8940950051995573,-0.7816917435956793,104,-0.00939247560903616,0.045827736374682855,0.5769230769230769,0.9374340540635151,-0.6172573446620049
drop 10% (after 1h),,0.1,3,227,-0.02427665144510848,0.19809999999999978,0.7444933920704846,0.8542890604568657,-1.0,104,0.008236336964376962,0.041112902361574805,0.5673076923076923,1.1063144245664516,-1.0
delay 0.5h,0.3,0.2,3,241,-0.02447291344482766,0.1130500099197035,0.5892116182572614,0.8824777128014132,-0.6989575241297236,161,0.0062841266169535925,0.01545838926174499,0.5714285714285714,1.0840421515827385,-0.6078847028908279
delay 4h,0.45,,3,241,-0.024484464206149706,0.09257745633443448,0.5892116182572614,0.9006404539072665,-0.9749759779427939,161,0.016988541884258915,0.017945106829454438,0.5714285714285714,1.2173308672786578,-0.9374789812395514
delay 2h,0.45,,1,241,-0.02459159264942877,0.07022450519760874,0.6224066390041494,0.8771291453211193,-0.9237343798443938,161,-0.0019683320146954373,0.009934712960905326,0.5527950310559007,0.9661176906607785,-0.939566454537781
drop 10% (after 4h),,,3,227,-0.02463888771728801,0.11009888275149049,0.5726872246696035,0.902515910232942,-1.0,104,0.010010466325118412,-0.002997212413503806,0.5,1.0973306135860472,-1.0
delay 48h,0.15,0.2,1,241,-0.024739275270217187,-0.005033869613120383,0.4854771784232365,0.7671313756106648,-0.3889361447194131,161,-0.0027495476597867315,0.00185592373572591,0.5217391304347826,0.9337305135669905,-0.3100301698002447
delay 2h,0.45,0.2,7,241,-0.024944081205770616,0.350794941001626,0.6431535269709544,0.8980045531349269,-0.9619100714819426,161,0.0015340119479103382,0.016087573744148848,0.515527950310559,1.0137688776426017,-0.939566454537781
delay 48h,0.15,0.5,1,241,-0.025162400786495606,-0.00525171970620639,0.48132780082987553,0.7660414236442801,-0.3889361447194131,161,-0.0016616705599408527,0.00185592373572591,0.5217391304347826,0.9599504834054511,-0.3100301698002447
delay 2h,0.3,,3,241,-0.025285009339970684,0.032983307830047395,0.5352697095435685,0.8915148845421162,-0.8765709473481939,161,0.011609103964884095,0.008931835941042925,0.5279503105590062,1.1582418546645168,-0.6388161545377817
delay 1h,,0.1,7,241,-0.02537775400502374,0.19809999999999978,0.7593360995850622,0.8500469698386489,-1.0,161,0.025354907297492037,0.07824539177478343,0.6211180124223602,1.331109742120712,-1.0
delay 48h,0.15,,1,241,-0.02542128427894335,-0.00525171970620639,0.48132780082987553,0.7636343396045259,-0.3889361447194131,161,-0.0016616705599408527,0.00185592373572591,0.5217391304347826,0.9599504834054511,-0.3100301698002447
delay 2h,0.45,0.5,3,241,-0.02552352517476031,0.09531616077549517,0.5892116182572614,0.9005176037619035,-0.9619100714819426,161,0.014609841272891892,0.01282435686193879,0.5403726708074534,1.1954466542232984,-0.939566454537781
delay 48h,,,7,241,-0.025987799097599306,0.09534579196388271,0.5767634854771784,0.9057887338730763,-1.0,161,0.013115236380531302,0.01688546706635931,0.5279503105590062,1.1345745737553106,-1.0
delay 2h,0.45,0.3,3,241,-0.02659222094490607,0.11946636783325003,0.6058091286307054,0.8931087547024648,-0.9619100714819426,161,0.01595508661698576,0.01282435686193879,0.5403726708074534,1.2134429963259648,-0.939566454537781
delay 0.5h,0.3,0.2,1,241,-0.026916649946483295,0.06781788753237121,0.5726141078838174,0.8571610008854035,-0.6989575241297236,161,0.003861622796912946,0.015933394219066824,0.5652173913043478,1.0659913983434905,-0.6078847028908279
delay 2h,,0.3,7,241,-0.027139403648314124,0.16408851193261592,0.6058091286307054,0.9083450816351608,-1.0,161,0.00283734579320872,0.004910437569261021,0.5093167701863354,1.0249062578448684,-1.0
delay 0.5h,0.45,0.2,1,241,-0.027188351404161128,0.08780077255144535,0.6265560165975104,0.8638591884252727,-1.0,161,-0.003844738461476256,0.015933394219066824,0.5652173913043478,0.9419429224651277,-0.9436979062283894
delay 48h,0.15,0.3,1,241,-0.027239032001717494,-0.00525171970620639,0.48132780082987553,0.7467330243046626,-0.3889361447194131,161,-0.0018656826463808243,0.00185592373572591,0.5217391304347826,0.9550333923536262,-0.3100301698002447
delay 48h,0.1,,3,241,-0.027417519034437805,-0.20396199907106605,0.3236514522821577,0.7794574763381723,-0.2886860447194136,161,-0.004274940563420604,-0.012225266148857909,0.45962732919254656,0.9362566091280156,-0.23415850196301594
drop 20% (after 4h),0.45,,3,211,-0.027619955635581044,0.06667076840212696,0.5687203791469194,0.8901404583152016,-0.9889922229550034,49,-0.05353773958206377,0.022666101137166893,0.5918367346938775,0.7281165261834609,-0.939464293093838
drop 20% (after 4h),0.3,,3,211,-0.028477034400998157,0.01178443761447877,0.5071090047393365,0.8804411518278702,-0.6882419229550036,49,-0.01698443863099055,0.022666101137166893,0.5918367346938775,0.8940862153218909,-0.6387139930938388
delay 2h,0.45,0.2,1,241,-0.02872549111492593,0.09703962803804986,0.6390041493775933,0.8491843631746809,-0.9237343798443938,161,-0.0015904797968499325,0.009934712960905326,0.5527950310559007,0.9726219316292583,-0.939566454537781
drop 15% (after 4h),0.3,,7,217,-0.029077491107010883,-0.09382468244631983,0.47465437788018433,0.9008245775510331,-0.7778929810685807,69,0.04079759063364991,0.04175527953338383,0.6231884057971014,1.2757644557748,-0.6362193324679486
delay 48h,0.15,0.3,3,241,-0.029094749625651735,-0.13454068696174984,0.3941908713692946,0.8130948305756525,-0.3889361447194131,161,-0.004789113375482143,-0.009662437437279233,0.4782608695652174,0.9317284616780246,-0.3344086019630158
delay 2h,,0.5,1,241,-0.029421242152167702,0.07553697453049366,0.6265560165975104,0.8605850485604216,-1.0,161,-0.003511071471227841,0.009934712960905326,0.5527950310559007,0.9411249142198231,-1.0
drop 10% (after 1h),,0.1,1,227,-0.029529644980791116,0.1963958716949539,0.7136563876651982,0.8179184477066068,-1.0,104,-0.005166104217048909,0.007099532067097006,0.5192307692307693,0.9199365770881482,-1.0
delay 48h,0.15,0.2,3,241,-0.029606391631693,-0.10363958400728054,0.4149377593360996,0.803232557317534,-0.3889361447194131,161,0.0008480177089690863,-0.0008502643070559146,0.4906832298136646,1.012438381821716,-0.3344086019630158
delay 48h,0.2,0.5,1,241,-0.030013036536388767,0.0009137523272384543,0.5020746887966805,0.7421687746334769,-0.49112565062436797,161,-0.001224002747845138,0.00185592373572591,0.5217391304347826,0.970184623271651,-0.4070024000000002
delay 48h,0.2,0.3,3,241,-0.03006324596108783,-0.032089493279381265,0.44813278008298757,0.8253463322707935,-0.49112565062436797,161,-0.009269028043863845,-0.0008502643070559146,0.4906832298136646,0.8799456910930704,-0.4280868990727567
delay 48h,0.2,,1,241,-0.03027192002883651,0.0009137523272384543,0.5020746887966805,0.7399447994617531,-0.49112565062436797,161,-0.001224002747845138,0.00185592373572591,0.5217391304347826,0.970184623271651,-0.4070024000000002
delay 1h,,0.1,1,241,-0.030799395079671707,0.19517213596914162,0.7095435684647303,0.801475160603983,-1.0,161,0.007013186656587029,0.021378093688562638,0.5838509316770186,1.1431995776788118,-1.0
delay 2h,0.45,0.2,3,241,-0.030856401938226207,0.17885817034617543,0.6431535269709544,0.8640506584235167,-0.9619100714819426,161,0.003971012691990199,0.01282435686193879,0.5403726708074534,1.053123174306336,-0.939566454537781
delay 48h,0.15,0.5,3,241,-0.03125120255894426,-0.13454068696174984,0.3941908713692946,0.7992417400339379,-0.3889361447194131,161,-0.004531364094150299,-0.009662437437279233,0.4782608695652174,0.9354028244584083,-0.3344086019630158
delay 2h,,0.3,1,241,-0.03128235800842584,0.08628879708533804,0.6307053941908713,0.8503266231884801,-1.0,161,-0.003318128325114041,0.009934712960905326,0.5527950310559007,0.9443602639901811,-1.0
delay 48h,0.2,0.5,3,241,-0.03135764795995499,-0.032089493279381265,0.44813278008298757,0.8178264504552776,-0.49112565062436797,161,-0.009011278762532002,-0.0008502643070559146,0.4906832298136646,0.8832841114425521,-0.4280868990727567
drop 20% (after 4h),,,3,211,-0.03137919153221409,0.06667076840212696,0.5734597156398105,0.8771425428067703,-1.0,49,-0.04528965686358182,0.022666101137166893,0.5918367346938775,0.7599482230925425,-1.0
delay 48h,0.2,0.2,1,241,-0.031459598002820256,0.0009137523272384543,0.5020746887966805,0.7297418842385037,-0.49112565062436797,161,-0.002311879847691017,0.00185592373572591,0.5217391304347826,0.9436851193913278,-0.4070024000000002
delay 0.5h,,0.2,1,241,-0.03147779680973511,0.09700344545809432,0.6348547717842323,0.8463408673266135,-1.0,161,-0.005944267105491022,0.015933394219066824,0.5652173913043478,0.9129975085102532,-1.0
drop 15% (after 4h),0.3,,3,217,-0.03165288882721283,0.013418572150704248,0.511520737327189,0.8715346723257686,-0.7778929810685807,69,0.003707150599704321,0.007085336288873673,0.5362318840579711,1.0321466628072622,-0.6362193324679486
delay 48h,0.45,0.2,7,241,-0.0318527622755752,0.24660778703522512,0.6307053941908713,0.8670396272878743,-1.0,161,0.01518591360298797,0.020840466280336978,0.5341614906832298,1.162961468471294,-0.9082336187153542
delay 48h,0.2,0.3,1,241,-0.03208966775161065,0.0009137523272384543,0.5020746887966805,0.7243291811552937,-0.49112565062436797,161,-0.0014280148342851098,0.00185592373572591,0.5217391304347826,0.9652151105601372,-0.4070024000000002
delay 0.5h,0.45,0.2,3,241,-0.03217468409299783,0.17355459820524938,0.6390041493775933,0.8610858467566803,-1.0,161,0.0017462769919355749,0.01545838926174499,0.5714285714285714,1.0220179935376141,-0.9436979062283894
delay 48h,0.2,0.2,3,241,-0.03291424176054985,-0.022042874305819065,0.46887966804979253,0.802551982265013,-0.49112565062436797,161,-0.002211564201200174,0.0016587680027764199,0.5031055900621118,0.9703598342449842,-0.4280868990727567
delay 0.5h,0.3,0.2,7,241,-0.03317155338888518,0.13820599806316589,0.5601659751037344,0.8536598913244938,-0.6989575241297236,161,0.004118491533155074,0.023631264165636608,0.5341614906832298,1.0380297780729117,-0.6452661681415981
delay 2h,0.45,,3,241,-0.03413509553801718,0.09033788472454238,0.5850622406639004,0.8677575558555695,-0.9619100714819426,161,0.014609841272891892,0.01282435686193879,0.5403726708074534,1.1954466542232984,-0.939566454537781
drop 15% (after 4h),,,3,217,-0.03552994313944753,0.09442437544479934,0.5714285714285714,0.864199891563681,-1.0,69,0.018757409683137223,0.032021152270531136,0.5652173913043478,1.171682147504616,-1.0
delay 2h,,,1,241,-0.03554729932500048,0.07022450519760874,0.6224066390041494,0.8316071953324843,-1.0,161,-0.003511071471227841,0.009934712960905326,0.5527950310559007,0.9411249142198231,-1.0
delay 0.5h,,0.2,3,241,-0.035798620076284864,0.18892557641229696,0.6473029045643154,0.8496328307895189,-1.0,161,-0.0009560971847628017,0.01545838926174499,0.5714285714285714,0.9883422306647539,-1.0
delay 48h,,0.2,7,241,-0.03604724435921038,0.24660778703522512,0.6348547717842323,0.8525678442564458,-1.0,161,0.012200329484049668,0.020840466280336978,0.5341614906832298,1.1268585169468543,-1.0
delay 2h,,,7,241,-0.03696214874807632,0.09464868218169072,0.5684647302904564,0.885344524535225,-1.0,161,0.010320426856601875,0.004910437569261021,0.5093167701863354,1.0905928396090712,-1.0
delay 48h,0.15,,3,241,-0.03712123785216036,-0.14026268911561704,0.3900414937759336,0.7633777346795662,-0.3889361447194131,161,-0.004241122201614935,-0.009662437437279233,0.4782608695652174,0.9395403879143738,-0.3344086019630158
delay 48h,0.2,,3,241,-0.03749853298914187,-0.033750696129716325,0.44398340248962653,0.7841941495505428,-0.49112565062436797,161,-0.008721036869996637,-0.0008502643070559146,0.4906832298136646,0.8870433826044557,-0.4280868990727567
delay 48h,0.3,0.5,3,241,-0.03778867699721313,-0.007253286766488187,0.4896265560165975,0.8044692107308513,-0.6916258506243682,161,-0.01362966959603253,0.0016587680027764199,0.5031055900621118,0.8347327603651024,-0.6285870990727567
drop 15% (after 4h),0.45,,3,217,-0.03783126151892209,0.09287317606223196,0.5622119815668203,0.855586247687215,-0.9889922229550034,69,0.023546465097017393,0.032021152270531136,0.5652173913043478,1.225395002908377,-0.9369696324679483
delay 48h,0.45,0.2,3,241,-0.03785058452945221,0.04815235947636492,0.5560165975103735,0.8077347942898451,-1.0,161,0.002106208183009564,0.00900466085199143,0.5217391304347826,1.0287163442272373,-0.9082336187153542
delay 48h,0.3,0.3,3,241,-0.03844038659814699,-0.007253286766488187,0.4896265560165975,0.8010970552924835,-0.6916258506243682,161,-0.013887418877364374,0.0016587680027764199,0.5031055900621118,0.8316074085769714,-0.6285870990727567
delay 48h,0.3,0.2,3,241,-0.038648135073086565,0.013967382953752926,0.5145228215767634,0.7913944210763647,-0.6916258506243682,161,-0.00989794375357686,0.008520966700883977,0.5093167701863354,0.8798580983883878,-0.6285870990727567
delay 2h,,0.2,1,241,-0.03896330179155965,0.09703962803804986,0.6390041493775933,0.8058681960806124,-1.0,161,-0.0031332192533823364,0.009934712960905326,0.5527950310559007,0.9474608951077612,-1.0
delay 48h,,0.2,3,241,-0.03907642835224464,0.04815235947636492,0.5601659751037344,0.8028265921654693,-1.0,161,0.0003891268409998439,0.00900466085199143,0.5217391304347826,1.0051840477250242,-1.0
delay 2h,,0.2,7,241,-0.039320176960156134,0.3535621988144974,0.6473029045643154,0.8491049374016981,-1.0,161,-0.00018567347569210934,0.016087573744148848,0.515527950310559,0.9983587779166678,-1.0
delay 0.5h,,0.2,7,241,-0.03993672009499395,0.36111868852381535,0.6348547717842323,0.8452664809396306,-1.0,161,0.002392899246665345,0.026202967028032518,0.546583850931677,1.0216108581059484,-1.0
delay 2h,,0.5,3,241,-0.04042214167209645,0.10649197198532562,0.5933609958506224,0.8518858706918212,-1.0,161,0.011958685115608146,0.01282435686193879,0.5403726708074534,1.1545005856540937,-1.0
delay 2h,,0.3,3,241,-0.04053524491670234,0.12200462309963117,0.6099585062240664,0.8465571356480225,-1.0,161,0.013303930459702018,0.01282435686193879,0.5403726708074534,1.1718805226205482,-1.0
delay 48h,,0.3,3,241,-0.04077319796656691,0.02133998242793061,0.5311203319502075,0.8034166815826796,-1.0,161,-0.003970047355634402,0.008697777200266679,0.515527950310559,0.9471698643759516,-1.0
delay 0.5h,0.45,0.2,7,241,-0.04135904658530088,0.34739119491009685,0.6224066390041494,0.8383440883445263,-1.0,161,0.004111453747796125,0.026202967028032518,0.546583850931677,1.0377169366783574,-0.9436979062283894
delay 48h,0.45,0.3,3,241,-0.04176420171066848,0.016362321474741155,0.5269709543568465,0.799508965274996,-1.0,161,-0.002252966013624682,0.008697777200266679,0.515527950310559,0.9693183137140611,-0.9082336187153542
delay 48h,,0.5,3,241,-0.04197252967671628,0.02133998242793061,0.5311203319502075,0.7976342406846758,-1.0,161,-0.0037122980743025578,0.008697777200266679,0.515527950310559,0.950599780512956,-1.0
delay 48h,0.45,0.5,3,241,-0.04296353342081785,0.016362321474741155,0.5269709543568465,0.793751516414554,-1.0,161,-0.0019952167322928377,0.008697777200266679,0.515527950310559,0.9728284343916148,-0.9082336187153542
delay 48h,0.3,0.5,1,241,-0.04417877109263345,0.0025120335402683616,0.5103734439834025,0.6628554289675579,-0.6916258506243682,161,-0.0041642828390217575,0.00185592373572591,0.5217391304347826,0.9053421806120888,-0.6074024121387285
delay 48h,0.3,,1,241,-0.04443765458508119,0.0025120335402683616,0.5103734439834025,0.6608797931168987,-0.6916258506243682,161,-0.0041642828390217575,0.00185592373572591,0.5217391304347826,0.9053421806120888,-0.6074024121387285
delay 48h,0.3,,3,241,-0.04474768908268578,-0.011319255938803901,0.4854771784232365,0.7713571979050158,-0.6916258506243682,161,-0.013339427703497166,0.0016587680027764199,0.5031055900621118,0.8382521029337359,-0.6285870990727567
delay 2h,,0.2,3,241,-0.044801521561478805,0.18110434869087277,0.6473029045643154,0.8152954483325008,-1.0,161,0.0013198565347064548,0.01282435686193879,0.5403726708074534,1.017051925493496,-1.0
delay 48h,0.3,0.2,1,241,-0.04562533255906494,0.0025120335402683616,0.5103734439834025,0.6518161824468817,-0.6916258506243682,161,-0.005252159938867636,0.00185592373572591,0.5217391304347826,0.8806137752625507,-0.6074024121387285
delay 48h,0.45,0.5,1,241,-0.045814019087503,0.005962547460873687,0.5228215767634855,0.6571106870619731,-0.9395536173679933,161,-0.003570622257463572,0.0022127467599933385,0.5279503105590062,0.9181971241288157,-0.9077059010058277
delay 48h,0.45,,1,241,-0.04607290257995074,0.005962547460873687,0.5228215767634855,0.6551731058450346,-0.9395536173679933,161,-0.003570622257463572,0.0022127467599933385,0.5279503105590062,0.9181971241288157,-0.9077059010058277
delay 48h,,0.5,1,241,-0.046128224587403,0.005962547460873687,0.5228215767634855,0.6555690300293411,-1.0,161,-0.004717726075966175,0.0022127467599933385,0.5279503105590062,0.8946847003665281,-1.0
delay 48h,0.3,0.3,1,241,-0.04625540230785534,0.0025120335402683616,0.5103734439834025,0.6470078867446077,-0.6916258506243682,161,-0.004368294925461729,0.00185592373572591,0.5217391304347826,0.9007048060682112,-0.6074024121387285
delay 48h,,,1,241,-0.04638710807985074,0.005962547460873687,0.5228215767634855,0.6536359946001492,-1.0,161,-0.004717726075966175,0.0022127467599933385,0.5279503105590062,0.8946847003665281,-1.0
delay 48h,0.45,0.2,1,241,-0.04726058055393449,0.005962547460873687,0.5228215767634855,0.6462840781499727,-0.9395536173679933,161,-0.00465849935730945,0.0022127467599933385,0.5279503105590062,0.8932738841597095,-0.9077059010058277
delay 48h,,0.2,1,241,-0.047574786053834486,0.005962547460873687,0.5228215767634855,0.6447678215834987,-1.0,161,-0.0058056031758120545,0.0022127467599933385,0.5279503105590062,0.8703996738749896,-1.0
delay 48h,0.45,0.3,1,241,-0.04789065030272489,0.005962547460873687,0.5228215767634855,0.6415683996836686,-0.9395536173679933,161,-0.0037746343439035435,0.0022127467599933385,0.5279503105590062,0.9135232118020816,-0.9077059010058277
delay 48h,,0.3,1,241,-0.04820485580262488,0.005962547460873687,0.5228215767634855,0.6400632066396945,-1.0,161,-0.004921738162406148,0.0022127467599933385,0.5279503105590062,0.890130473676316,-1.0
delay 2h,,,3,241,-0.04903371203535331,0.09531616077549517,0.5892116182572614,0.8213538928530597,-1.0,161,0.011958685115608146,0.01282435686193879,0.5403726708074534,1.1545005856540937,-1.0
delay 48h,,,3,241,-0.05063292051622813,0.016362321474741155,0.5269709543568465,0.7606671875945076,-1.0,161,-0.0034220561817671935,0.008697777200266679,0.515527950310559,0.954462081682906,-1.0
delay 48h,0.45,,3,241,-0.05116497798394135,0.0163252638295888,0.5228215767634855,0.758655768441513,-1.0,161,-0.0017049748397574734,0.008697777200266679,0.515527950310559,0.9767810509157674,-0.9082336187153542
